station,time,latitude [degrees_north],longitude [degrees_east],elevation [feet],temp_2m [degF],temp_9m [degF],apparent_temperature [degF],relative_humidity [percent],dewpoint [degF],precip_incremental [inch],precip_local [inch],precip_max_intensity [inch/hour],precip_1hr [inch],avg_wind_speed_prop [mile/hr],max_wind_speed_prop [mile/hr],wind_speed_stddev_prop [mile/hr],wind_direction_prop [degrees],wind_direction_stddev_prop [degrees],avg_wind_speed_sonic [mile/hr],max_wind_speed_sonic [mile/hr],wind_speed_stddev_sonic [mile/hr],wind_direction_sonic [degrees],wind_direction_stddev_sonic [degrees],avg_wind_speed_merge [mile/hr],max_wind_speed_merge [mile/hr],wind_speed_stddev_merge [mile/hr],wind_direction_merge [degrees],wind_direction_stddev_merge [degrees],solar_insolation [W/m^2],station_pressure [inHg],snow_depth,frozen_soil_05cm,frozen_soil_25cm,frozen_soil_50cm,soil_temp_05cm,soil_temp_25cm,soil_temp_50cm,soil_moisture_05cm,soil_moisture_25cm,soil_moisture_50cm
SCHU,2015-08-23 00:00:00 EDT,43.11700,-73.57829,103,63.2,64.7,63.2,94.7,61.6,0.000,0.000,0.00,0.000,0.0,0.4,0.1,98,19,0.8,1.6,0.3,11,17,0.0,0.4,0.1,98,19,0,29.97,,,,,,,,,,
SCHU,2015-08-23 00:05:00 EDT,43.11700,-73.57829,103,63.0,64.7,63.0,94.0,61.3,0.000,0.000,0.00,0.000,0.1,1.1,0.3,45,13,0.9,2.2,0.4,58,45,0.1,1.1,0.3,45,13,0,29.97,,,,,,,,,,
SCHU,2015-08-23 00:10:00 EDT,43.11700,-73.57829,103,62.9,64.5,62.9,93.1,60.8,0.000,0.000,0.00,0.000,1.5,2.5,0.7,125,10,2.0,3.1,0.5,124,12,1.5,2.5,0.7,125,10,0,29.97,,,,,,,,,,
SCHU,2015-08-23 00:15:00 EDT,43.11700,-73.57829,103,62.5,64.6,62.5,92.9,60.4,0.000,0.000,0.00,0.000,0.9,2.3,0.9,320,9,1.4,2.7,0.6,340,30,0.9,2.3,0.9,320,9,0,29.97,,,,,,,,,,
SCHU,2015-08-23 00:20:00 EDT,43.11700,-73.57829,103,63.2,64.9,63.2,93.2,61.2,0.000,0.000,0.00,0.000,0.9,3.0,0.6,341,40,1.5,4.0,0.8,6,53,0.9,3.0,0.6,341,40,0,29.97,,,,,,,,,,
SCHU,2015-08-23 00:25:00 EDT,43.11700,-73.57829,103,63.4,65.1,63.4,90.7,60.6,0.000,0.000,0.00,0.000,0.6,2.3,0.7,348,15,1.4,2.9,0.8,5,37,0.6,2.3,0.7,348,15,0,29.97,,,,,,,,,,
SCHU,2015-08-23 00:30:00 EDT,43.11700,-73.57829,103,62.8,64.7,62.8,90.5,59.9,0.000,0.000,0.00,0.000,0.1,1.2,0.3,360,4,0.8,1.6,0.4,31,47,0.1,1.2,0.3,360,4,0,29.97,,,,,,,,,,
SCHU,2015-08-23 00:35:00 EDT,43.11700,-73.57829,103,62.7,64.4,62.7,90.7,60.0,0.000,0.000,0.00,0.000,0.3,0.7,0.3,126,0,1.0,1.6,0.3,112,26,0.3,0.7,0.3,126,0,0,29.97,,,,,,,,,,
SCHU,2015-08-23 00:40:00 EDT,43.11700,-73.57829,103,62.0,64.3,62.0,91.9,59.6,0.000,0.000,0.00,0.000,0.7,1.3,0.5,113,22,1.4,2.0,0.3,115,31,0.7,1.3,0.5,113,22,0,29.97,,,,,,,,,,
SCHU,2015-08-23 00:45:00 EDT,43.11700,-73.57829,103,61.4,64.0,61.4,93.5,59.5,0.000,0.000,0.00,0.000,1.1,1.6,0.3,127,10,1.6,2.2,0.3,129,10,1.1,1.6,0.3,127,10,0,29.97,,,,,,,,,,
SCHU,2015-08-23 00:50:00 EDT,43.11700,-73.57829,103,62.4,64.0,62.4,93.2,60.4,0.000,0.000,0.00,0.000,0.0,0.8,0.2,133,0,0.9,1.8,0.4,91,36,0.0,0.8,0.2,133,0,0,29.97,,,,,,,,,,
SCHU,2015-08-23 00:55:00 EDT,43.11700,-73.57829,103,62.5,63.9,62.5,92.7,60.4,0.000,0.000,0.00,0.000,0.0,0.0,0.0,0,0,0.5,1.6,0.2,107,35,0.0,0.0,0.0,0,0,0,29.97,,,,,,,,,,
SCHU,2015-08-23 01:00:00 EDT,43.11700,-73.57829,103,62.0,63.7,62.0,93.1,59.9,0.000,0.000,0.00,0.000,0.5,1.1,0.4,133,0,1.0,1.6,0.3,126,13,0.5,1.1,0.4,133,0,0,29.97,,,,,,,,,,
SCHU,2015-08-23 01:05:00 EDT,43.11700,-73.57829,103,61.9,63.4,61.9,92.9,59.8,0.000,0.000,0.00,0.000,0.2,0.7,0.2,132,0,0.8,1.3,0.2,106,19,0.2,0.7,0.2,132,0,0,29.97,,,,,,,,,,
SCHU,2015-08-23 01:10:00 EDT,43.11700,-73.57829,103,61.6,63.4,61.6,93.1,59.5,0.000,0.000,0.00,0.000,0.0,0.0,0.0,0,0,0.6,0.9,0.2,89,27,0.0,0.0,0.0,0,0,0,29.97,,,,,,,,,,
SCHU,2015-08-23 01:15:00 EDT,43.11700,-73.57829,103,61.7,63.1,61.7,94.1,60.0,0.000,0.000,0.00,0.000,0.0,0.0,0.0,0,0,0.8,5.4,0.5,97,26,0.0,0.0,0.0,0,0,0,29.97,,,,,,,,,,
SCHU,2015-08-23 01:20:00 EDT,43.11700,-73.57829,103,61.6,62.9,61.6,94.3,59.9,0.000,0.000,0.00,0.000,0.0,0.0,0.0,0,0,0.5,1.3,0.2,95,22,0.0,0.0,0.0,0,0,0,29.97,,,,,,,,,,
SCHU,2015-08-23 01:25:00 EDT,43.11700,-73.57829,103,61.7,62.8,61.7,94.6,60.1,0.000,0.000,0.00,0.000,0.0,0.0,0.0,0,0,0.7,1.8,0.2,88,19,0.0,0.0,0.0,0,0,0,29.97,,,,,,,,,,
SCHU,2015-08-23 01:30:00 EDT,43.11700,-73.57829,103,61.2,62.5,61.2,94.9,59.7,0.000,0.000,0.00,0.000,0.0,0.0,0.0,0,0,0.7,1.1,0.2,87,27,0.0,0.0,0.0,0,0,0,29.97,,,,,,,,,,
SCHU,2015-08-23 01:35:00 EDT,43.11700,-73.57829,103,61.3,62.7,61.3,95.4,60.0,0.000,0.000,0.00,0.000,0.0,0.0,0.0,0,0,0.7,1.3,0.2,84,19,0.0,0.0,0.0,0,0,0,29.97,,,,,,,,,,
SCHU,2015-08-23 01:40:00 EDT,43.11700,-73.57829,103,60.4,62.5,60.4,95.2,59.0,0.000,0.000,0.00,0.000,0.8,1.3,0.3,132,0,1.3,2.2,0.3,123,8,0.8,1.3,0.3,132,0,0,29.97,,,,,,,,,,
SCHU,2015-08-23 01:45:00 EDT,43.11700,-73.57829,103,60.0,62.2,60.0,95.8,58.8,0.000,0.000,0.00,0.000,0.8,1.2,0.2,133,0,1.2,1.8,0.2,138,10,0.8,1.2,0.2,133,0,0,29.97,,,,,,,,,,
SCHU,2015-08-23 01:50:00 EDT,43.11700,-73.57829,103,60.4,62.0,60.4,95.7,59.1,0.000,0.000,0.00,0.000,0.5,1.0,0.4,133,0,1.1,1.6,0.3,140,7,0.5,1.0,0.4,133,0,0,29.97,,,,,,,,,,
SCHU,2015-08-23 01:55:00 EDT,43.11700,-73.57829,103,60.7,62.1,60.7,95.6,59.4,0.000,0.000,0.00,0.000,0.3,0.9,0.3,132,0,1.0,1.8,0.3,107,16,0.3,0.9,0.3,132,0,0,29.97,,,,,,,,,,
SCHU,2015-08-23 02:00:00 EDT,43.11700,-73.57829,103,60.6,61.9,60.6,95.2,59.2,0.000,0.000,0.00,0.000,0.1,1.0,0.2,132,0,0.9,5.8,0.6,97,16,0.1,1.0,0.2,132,0,0,29.97,,,,,,,,,,
SCHU,2015-08-23 02:05:00 EDT,43.11700,-73.57829,103,60.5,61.7,60.5,94.6,58.9,0.000,0.000,0.00,0.000,0.8,1.2,0.3,132,0,1.3,2.0,0.3,115,12,0.8,1.2,0.3,132,0,0,29.97,,,,,,,,,,
SCHU,2015-08-23 02:10:00 EDT,43.11700,-73.57829,103,59.9,61.6,59.9,94.8,58.4,0.000,0.000,0.00,0.000,0.3,0.9,0.3,132,0,1.5,2.0,0.2,85,14,0.3,0.9,0.3,132,0,0,29.97,,,,,,,,,,
SCHU,2015-08-23 02:15:00 EDT,43.11700,-73.57829,103,59.7,61.6,59.7,95.5,58.4,0.000,0.000,0.00,0.000,0.0,0.0,0.0,0,0,0.8,1.3,0.3,58,18,0.0,0.0,0.0,0,0,0,29.97,,,,,,,,,,
SCHU,2015-08-23 02:20:00 EDT,43.11700,-73.57829,103,60.0,61.5,60.0,96.4,58.9,0.000,0.000,0.00,0.000,0.0,0.0,0.0,0,0,0.7,1.3,0.3,82,21,0.0,0.0,0.0,0,0,0,29.97,,,,,,,,,,
SCHU,2015-08-23 02:25:00 EDT,43.11700,-73.57829,103,60.0,61.3,60.0,96.1,58.9,0.000,0.000,0.00,0.000,0.0,0.0,0.0,0,0,0.4,0.9,0.2,45,33,0.0,0.0,0.0,0,0,0,29.96,,,,,,,,,,
SCHU,2015-08-23 02:30:00 EDT,43.11700,-73.57829,103,59.8,61.2,59.8,96.1,58.7,0.000,0.000,0.00,0.000,0.0,0.0,0.0,0,0,0.8,4.0,0.4,81,31,0.0,0.0,0.0,0,0,0,29.96,,,,,,,,,,
SCHU,2015-08-23 02:35:00 EDT,43.11700,-73.57829,103,59.4,60.9,59.4,97.1,58.6,0.000,0.000,0.00,0.000,1.1,2.0,0.5,133,0,1.6,2.5,0.5,133,6,1.1,2.0,0.5,133,0,0,29.96,,,,,,,,,,
SCHU,2015-08-23 02:40:00 EDT,43.11700,-73.57829,103,58.7,60.8,58.7,95.6,57.5,0.000,0.000,0.00,0.000,0.5,1.9,0.7,148,3,0.9,2.5,0.6,158,35,0.5,1.9,0.7,148,3,0,29.97,,,,,,,,,,
SCHU,2015-08-23 02:45:00 EDT,43.11700,-73.57829,103,59.4,60.9,59.4,97.6,58.8,0.000,0.000,0.00,0.000,0.1,0.7,0.2,152,0,0.7,1.3,0.2,327,27,0.1,0.7,0.2,152,0,0,29.97,,,,,,,,,,
SCHU,2015-08-23 02:50:00 EDT,43.11700,-73.57829,103,59.5,61.0,59.5,97.5,58.8,0.000,0.000,0.00,0.000,0.0,0.5,0.1,152,0,0.7,1.6,0.3,53,46,0.0,0.5,0.1,152,0,0,29.97,,,,,,,,,,
SCHU,2015-08-23 02:55:00 EDT,43.11700,-73.57829,103,59.7,60.5,59.7,97.8,59.1,0.000,0.000,0.00,0.000,0.0,0.0,0.0,0,0,0.9,1.8,0.4,84,11,0.0,0.0,0.0,0,0,0,29.97,,,,,,,,,,
SCHU,2015-08-23 03:00:00 EDT,43.11700,-73.57829,103,59.4,60.6,59.4,97.5,58.7,0.000,0.000,0.00,0.000,0.4,0.9,0.3,152,0,1.3,2.0,0.3,117,12,0.4,0.9,0.3,152,0,0,29.97,,,,,,,,,,
SCHU,2015-08-23 03:05:00 EDT,43.11700,-73.57829,103,59.1,60.0,59.1,97.6,58.5,0.000,0.000,0.00,0.000,1.9,3.5,0.8,137,14,2.2,4.3,0.9,130,8,1.9,3.5,0.8,137,14,0,29.97,,,,,,,,,,
SCHU,2015-08-23 03:10:00 EDT,43.11700,-73.57829,103,59.6,60.1,59.6,96.3,58.6,0.000,0.000,0.00,0.000,1.6,4.7,1.2,116,20,2.1,5.6,1.4,114,20,1.6,4.7,1.2,116,20,0,29.97,,,,,,,,,,
SCHU,2015-08-23 03:15:00 EDT,43.11700,-73.57829,103,59.7,60.2,59.7,96.2,58.6,0.000,0.000,0.00,0.000,0.0,0.0,0.0,0,0,0.6,1.3,0.2,16,51,0.0,0.0,0.0,0,0,0,29.96,,,,,,,,,,
SCHU,2015-08-23 03:20:00 EDT,43.11700,-73.57829,103,59.1,60.3,59.1,96.2,58.1,0.000,0.000,0.00,0.000,0.4,1.5,0.5,65,2,1.4,2.5,0.5,69,11,0.4,1.5,0.5,65,2,0,29.96,,,,,,,,,,
SCHU,2015-08-23 03:25:00 EDT,43.11700,-73.57829,103,58.7,59.8,58.7,96.9,57.9,0.000,0.000,0.00,0.000,0.0,0.0,0.0,0,0,0.6,3.1,0.4,87,45,0.0,0.0,0.0,0,0,0,29.96,,,,,,,,,,
SCHU,2015-08-23 03:30:00 EDT,43.11700,-73.57829,103,59.0,60.0,59.0,97.7,58.4,0.000,0.000,0.00,0.000,0.3,0.9,0.3,64,0,1.0,1.8,0.4,64,19,0.3,0.9,0.3,64,0,0,29.96,,,,,,,,,,
SCHU,2015-08-23 03:35:00 EDT,43.11700,-73.57829,103,59.2,60.2,59.2,96.9,58.3,0.000,0.000,0.00,0.000,1.3,1.9,0.3,88,10,2.0,2.9,0.4,88,9,1.3,1.9,0.3,88,10,0,29.97,,,,,,,,,,
SCHU,2015-08-23 03:40:00 EDT,43.11700,-73.57829,103,58.5,59.7,58.5,96.6,57.6,0.000,0.000,0.00,0.000,0.2,1.5,0.4,75,4,1.0,6.7,0.9,97,54,0.2,1.5,0.4,75,4,0,29.96,,,,,,,,,,
SCHU,2015-08-23 03:45:00 EDT,43.11700,-73.57829,103,58.5,59.6,58.5,97.4,57.7,0.000,0.000,0.00,0.000,0.2,1.2,0.3,71,0,0.7,2.2,0.5,71,52,0.2,1.2,0.3,71,0,0,29.96,,,,,,,,,,
SCHU,2015-08-23 03:50:00 EDT,43.11700,-73.57829,103,58.9,60.0,58.9,97.8,58.3,0.000,0.000,0.00,0.000,0.6,1.0,0.3,71,0,1.5,2.0,0.2,98,12,0.6,1.0,0.3,71,0,0,29.96,,,,,,,,,,
SCHU,2015-08-23 03:55:00 EDT,43.11700,-73.57829,103,58.3,59.7,58.3,98.1,57.8,0.000,0.000,0.00,0.000,0.0,0.4,0.1,71,0,0.9,2.9,0.3,119,21,0.0,0.4,0.1,71,0,0,29.97,,,,,,,,,,
SCHU,2015-08-23 04:00:00 EDT,43.11700,-73.57829,103,58.6,59.6,58.6,98.4,58.2,0.000,0.000,0.00,0.000,0.1,0.9,0.2,71,0,1.1,2.2,0.3,117,26,0.1,0.9,0.2,71,0,0,29.97,,,,,,,,,,
SCHU,2015-08-23 04:05:00 EDT,43.11700,-73.57829,103,58.6,59.4,58.6,98.0,58.1,0.000,0.000,0.00,0.000,0.2,0.9,0.3,132,6,1.0,1.6,0.3,123,17,0.2,0.9,0.3,132,6,0,29.96,,,,,,,,,,
SCHU,2015-08-23 04:10:00 EDT,43.11700,-73.57829,103,58.4,59.5,58.4,97.4,57.7,0.000,0.000,0.00,0.000,0.4,1.2,0.4,135,2,1.0,1.6,0.3,123,23,0.4,1.2,0.4,135,2,0,29.96,,,,,,,,,,
SCHU,2015-08-23 04:15:00 EDT,43.11700,-73.57829,103,58.0,59.3,58.0,97.6,57.3,0.000,0.000,0.00,0.000,0.0,0.5,0.1,138,0,0.9,1.6,0.3,100,29,0.0,0.5,0.1,138,0,0,29.96,,,,,,,,,,
SCHU,2015-08-23 04:20:00 EDT,43.11700,-73.57829,103,58.0,59.2,58.0,97.9,57.4,,,0.00,,0.4,1.5,0.5,138,0,1.3,2.0,0.4,106,25,0.4,1.5,0.5,138,0,0,29.96,,,,,,,,,,
SCHU,2015-08-23 04:25:00 EDT,43.11700,-73.57829,103,,,,,,,,,,,,,,,,,,,,,,,,,,,,,,,,,,,,
SCHU,2015-08-23 04:30:00 EDT,43.11700,-73.57829,103,,,,,,,,,,,,,,,,,,,,,,,,,,,,,,,,,,,,
SCHU,2015-08-23 04:35:00 EDT,43.11700,-73.57829,103,,,,,,,,,,,,,,,,,,,,,,,,,,,,,,,,,,,,
SCHU,2015-08-23 04:40:00 EDT,43.11700,-73.57829,103,,,,,,,,,,,,,,,,,,,,,,,,,,,,,,,,,,,,
SCHU,2015-08-23 04:45:00 EDT,43.11700,-73.57829,103,,,,,,,,,,,,,,,,,,,,,,,,,,,,,,,,,,,,
SCHU,2015-08-23 04:50:00 EDT,43.11700,-73.57829,103,,,,,,,,,,,,,,,,,,,,,,,,,,,,,,,,,,,,
SCHU,2015-08-23 04:55:00 EDT,43.11700,-73.57829,103,,,,,,,,,,,,,,,,,,,,,,,,,,,,,,,,,,,,
SCHU,2015-08-23 05:00:00 EDT,43.11700,-73.57829,103,,,,,,,,,,,,,,,,,,,,,,,,,,,,,,,,,,,,
SCHU,2015-08-23 05:05:00 EDT,43.11700,-73.57829,103,,,,,,,,,,,,,,,,,,,,,,,,,,,,,,,,,,,,
SCHU,2015-08-23 05:10:00 EDT,43.11700,-73.57829,103,,,,,,,,,,,,,,,,,,,,,,,,,,,,,,,,,,,,
SCHU,2015-08-23 05:15:00 EDT,43.11700,-73.57829,103,,,,,,,,,,,,,,,,,,,,,,,,,,,,,,,,,,,,
SCHU,2015-08-23 05:20:00 EDT,43.11700,-73.57829,103,,,,,,,,,,,,,,,,,,,,,,,,,,,,,,,,,,,,
SCHU,2015-08-23 05:25:00 EDT,43.11700,-73.57829,103,,,,,,,,,,,,,,,,,,,,,,,,,,,,,,,,,,,,
SCHU,2015-08-23 05:30:00 EDT,43.11700,-73.57829,103,,,,,,,,,,,,,,,,,,,,,,,,,,,,,,,,,,,,
SCHU,2015-08-23 05:35:00 EDT,43.11700,-73.57829,103,,,,,,,,,,,,,,,,,,,,,,,,,,,,,,,,,,,,
SCHU,2015-08-23 05:40:00 EDT,43.11700,-73.57829,103,,,,,,,,,,,,,,,,,,,,,,,,,,,,,,,,,,,,
SCHU,2015-08-23 05:45:00 EDT,43.11700,-73.57829,103,,,,,,,,,,,,,,,,,,,,,,,,,,,,,,,,,,,,
SCHU,2015-08-23 05:50:00 EDT,43.11700,-73.57829,103,,,,,,,,,,,,,,,,,,,,,,,,,,,,,,,,,,,,
SCHU,2015-08-23 05:55:00 EDT,43.11700,-73.57829,103,,,,,,,,,,,,,,,,,,,,,,,,,,,,,,,,,,,,
SCHU,2015-08-23 06:00:00 EDT,43.11700,-73.57829,103,,,,,,,,,,,,,,,,,,,,,,,,,,,,,,,,,,,,
SCHU,2015-08-23 06:05:00 EDT,43.11700,-73.57829,103,,,,,,,,,,,,,,,,,,,,,,,,,,,,,,,,,,,,
SCHU,2015-08-23 06:10:00 EDT,43.11700,-73.57829,103,,,,,,,,,,,,,,,,,,,,,,,,,,,,,,,,,,,,
SCHU,2015-08-23 06:15:00 EDT,43.11700,-73.57829,103,,,,,,,,,,,,,,,,,,,,,,,,,,,,,,,,,,,,
SCHU,2015-08-23 06:20:00 EDT,43.11700,-73.57829,103,,,,,,,,,,,,,,,,,,,,,,,,,,,,,,,,,,,,
SCHU,2015-08-23 06:25:00 EDT,43.11700,-73.57829,103,,,,,,,,,,,,,,,,,,,,,,,,,,,,,,,,,,,,
SCHU,2015-08-23 06:30:00 EDT,43.11700,-73.57829,103,,,,,,,,,,,,,,,,,,,,,,,,,,,,,,,,,,,,
SCHU,2015-08-23 06:35:00 EDT,43.11700,-73.57829,103,,,,,,,,,,,,,,,,,,,,,,,,,,,,,,,,,,,,
SCHU,2015-08-23 06:40:00 EDT,43.11700,-73.57829,103,56.9,58.0,56.9,99.1,56.7,,0.000,0.00,,0.0,0.4,0.1,91,0,0.7,4.0,0.5,83,38,0.0,0.4,0.1,91,0,18,29.96,,,,,,,,,,
SCHU,2015-08-23 06:45:00 EDT,43.11700,-73.57829,103,57.1,58.2,57.1,99.2,56.9,0.000,0.000,0.00,,0.1,0.8,0.2,91,0,1.0,2.9,0.5,68,24,0.1,0.8,0.2,91,0,19,29.97,,,,,,,,,,
SCHU,2015-08-23 06:50:00 EDT,43.11700,-73.57829,103,57.3,58.4,57.3,99.1,57.1,0.000,0.000,0.00,,0.0,0.0,0.0,0,0,0.6,2.0,0.3,44,49,0.0,0.0,0.0,0,0,28,29.97,,,,,,,,,,
SCHU,2015-08-23 06:55:00 EDT,43.11700,-73.57829,103,57.4,58.4,57.4,99.1,57.1,0.000,0.000,0.00,,0.0,0.0,0.0,0,0,0.6,2.9,0.3,132,47,0.0,0.0,0.0,0,0,25,29.97,,,,,,,,,,
SCHU,2015-08-23 07:00:00 EDT,43.11700,-73.57829,103,57.2,58.5,57.2,98.9,56.9,0.000,0.000,0.00,,0.0,0.0,0.0,0,0,0.7,3.4,0.4,126,37,0.0,0.0,0.0,0,0,28,29.97,,,,,,,,,,
SCHU,2015-08-23 07:05:00 EDT,43.11700,-73.57829,103,57.6,58.8,57.6,98.7,57.2,0.000,0.000,0.00,,0.0,0.1,0.0,91,0,0.8,1.6,0.3,145,43,0.0,0.1,0.0,91,0,29,29.97,,,,,,,,,,
SCHU,2015-08-23 07:10:00 EDT,43.11700,-73.57829,103,57.7,59.0,57.7,97.8,57.1,0.000,0.000,0.00,,0.0,0.0,0.0,0,0,0.7,1.3,0.3,123,32,0.0,0.0,0.0,0,0,30,29.97,,,,,,,,,,
SCHU,2015-08-23 07:15:00 EDT,43.11700,-73.57829,103,58.3,59.1,58.3,97.5,57.6,0.000,0.000,0.00,,0.0,0.4,0.1,91,0,1.1,1.8,0.3,131,12,0.0,0.4,0.1,91,0,29,29.97,,,,,,,,,,
SCHU,2015-08-23 07:20:00 EDT,43.11700,-73.57829,103,58.8,59.6,58.8,96.3,57.8,0.000,0.000,0.00,,0.5,1.8,0.6,91,0,1.4,2.9,0.6,105,22,0.5,1.8,0.6,91,0,30,29.97,,,,,,,,,,
SCHU,2015-08-23 07:25:00 EDT,43.11700,-73.57829,103,59.1,60.0,59.1,95.2,57.7,0.000,0.000,0.00,,0.2,0.7,0.2,91,0,1.1,4.9,0.5,116,33,0.2,0.7,0.2,91,0,32,29.97,,,,,,,,,,
SCHU,2015-08-23 07:30:00 EDT,43.11700,-73.57829,103,59.4,60.3,59.4,94.4,57.8,0.000,0.000,0.00,,0.0,0.0,0.0,0,0,0.8,2.2,0.4,123,49,0.0,0.0,0.0,0,0,36,29.97,,,,,,,,,,
SCHU,2015-08-23 07:35:00 EDT,43.11700,-73.57829,103,59.6,60.6,59.6,94.4,58.0,0.000,0.000,0.00,,0.0,0.4,0.1,91,0,0.9,1.8,0.3,79,46,0.0,0.4,0.1,91,0,41,29.97,,,,,,,,,,
SCHU,2015-08-23 07:40:00 EDT,43.11700,-73.57829,103,60.6,61.0,60.6,94.0,58.9,0.000,0.000,0.00,0.000,0.1,0.7,0.2,81,19,1.0,2.0,0.4,67,39,0.1,0.7,0.2,81,19,162,29.97,,,,,,,,,,
SCHU,2015-08-23 07:45:00 EDT,43.11700,-73.57829,103,61.0,61.3,61.0,92.9,58.9,0.000,0.000,0.00,0.000,1.0,2.8,0.8,12,16,1.7,4.0,0.8,23,23,1.0,2.8,0.8,12,16,241,29.97,,,,,,,,,,
SCHU,2015-08-23 07:50:00 EDT,43.11700,-73.57829,103,61.7,61.8,61.7,89.6,58.6,0.000,0.000,0.00,0.000,2.5,4.5,0.9,336,24,3.1,5.4,1.1,346,26,2.5,4.5,0.9,336,24,254,29.97,,,,,,,,,,
SCHU,2015-08-23 07:55:00 EDT,43.11700,-73.57829,103,62.1,62.0,62.1,88.8,58.7,0.000,0.000,0.00,0.000,1.6,3.6,0.9,358,22,2.2,4.9,1.0,9,22,1.6,3.6,0.9,358,22,268,29.97,,,,,,,,,,
SCHU,2015-08-23 08:00:00 EDT,43.11700,-73.57829,103,62.1,62.0,62.1,86.8,58.1,0.000,0.000,0.00,0.000,2.2,4.5,0.8,339,19,2.7,5.8,0.9,349,17,2.2,4.5,0.8,339,19,282,29.97,,,,,,,,,,
SCHU,2015-08-23 08:05:00 EDT,43.11700,-73.57829,103,62.1,62.0,62.1,87.4,58.3,0.000,0.000,0.00,0.000,2.4,4.3,0.9,319,12,2.3,3.8,0.8,328,15,2.4,4.3,0.9,319,12,296,29.97,,,,,,,,,,
SCHU,2015-08-23 08:10:00 EDT,43.11700,-73.57829,103,62.8,62.7,62.8,87.2,59.0,0.000,0.000,0.00,0.000,2.3,4.0,0.8,343,26,2.8,4.7,0.9,356,23,2.3,4.0,0.8,343,26,310,29.97,,,,,,,,,,
SCHU,2015-08-23 08:15:00 EDT,43.11700,-73.57829,103,63.3,63.1,63.3,84.4,58.5,0.000,0.000,0.00,0.000,1.2,3.2,1.0,13,46,1.8,5.8,1.0,27,53,1.2,3.2,1.0,13,46,324,29.97,,,,,,,,,,
SCHU,2015-08-23 08:20:00 EDT,43.11700,-73.57829,103,63.8,63.7,63.8,84.1,58.9,0.000,0.000,0.00,0.000,2.2,3.7,0.6,343,15,2.9,4.9,0.8,355,17,2.2,3.7,0.6,343,15,338,29.97,,,,,,,,,,
SCHU,2015-08-23 08:25:00 EDT,43.11700,-73.57829,103,64.5,64.1,64.5,84.2,59.6,0.000,0.000,0.00,0.000,2.2,4.1,0.8,336,18,2.9,5.8,1.1,351,18,2.2,4.1,0.8,336,18,353,29.97,,,,,,,,,,
SCHU,2015-08-23 08:30:00 EDT,43.11700,-73.57829,103,65.2,64.8,65.2,83.5,60.0,0.000,0.000,0.00,0.000,2.5,4.4,1.1,16,21,3.3,6.0,1.3,26,24,2.5,4.4,1.1,16,21,368,29.97,,,,,,,,,,
SCHU,2015-08-23 08:35:00 EDT,43.11700,-73.57829,103,65.7,65.1,65.7,81.6,59.9,0.000,0.000,0.00,0.000,1.6,3.5,1.0,10,27,2.3,4.3,1.1,21,31,1.6,3.5,1.0,10,27,383,29.97,,,,,,,,,,
SCHU,2015-08-23 08:40:00 EDT,43.11700,-73.57829,103,66.4,65.7,66.4,79.9,60.0,0.000,0.000,0.00,0.000,1.4,3.9,1.1,17,28,2.2,5.4,1.3,30,29,1.4,3.9,1.1,17,28,398,29.97,,,,,,,,,,
SCHU,2015-08-23 08:45:00 EDT,43.11700,-73.57829,103,67.0,66.5,67.0,79.5,60.4,0.000,0.000,0.00,0.000,1.5,4.0,1.0,356,32,2.2,5.6,1.1,11,31,1.5,4.0,1.0,356,32,413,29.98,,,,,,,,,,
SCHU,2015-08-23 08:50:00 EDT,43.11700,-73.57829,103,67.6,67.3,67.6,79.9,61.1,0.000,0.000,0.00,0.000,1.3,5.9,1.2,3,28,2.2,7.6,1.2,18,37,1.3,5.9,1.2,3,28,430,29.97,,,,,,,,,,
SCHU,2015-08-23 08:55:00 EDT,43.11700,-73.57829,103,68.3,67.6,68.3,78.9,61.5,0.000,0.000,0.00,0.000,3.3,6.6,1.5,17,25,4.3,8.5,1.7,24,21,3.3,6.6,1.5,17,25,446,29.97,,,,,,,,,,
SCHU,2015-08-23 09:00:00 EDT,43.11700,-73.57829,103,69.0,68.2,69.0,78.1,61.9,0.000,0.000,0.00,0.000,1.9,4.7,0.9,13,28,2.7,9.8,1.4,24,26,1.9,4.7,0.9,13,28,460,29.97,,,,,,,,,,
SCHU,2015-08-23 09:05:00 EDT,43.11700,-73.57829,103,69.0,68.4,69.0,76.4,61.2,0.000,0.000,0.00,0.000,4.1,11.2,2.7,353,29,5.0,12.8,3.0,4,28,4.1,11.2,2.7,353,29,474,29.97,,,,,,,,,,
SCHU,2015-08-23 09:10:00 EDT,43.11700,-73.57829,103,69.1,68.6,69.1,76.9,61.5,0.000,0.000,0.00,0.000,4.5,10.1,2.0,347,33,5.5,11.4,2.0,359,31,4.5,10.1,2.0,347,33,489,29.97,,,,,,,,,,
SCHU,2015-08-23 09:15:00 EDT,43.11700,-73.57829,103,69.3,68.7,69.3,76.4,61.5,0.000,0.000,0.00,0.000,5.0,9.9,1.9,358,24,5.8,11.4,2.1,5,22,5.0,9.9,1.9,358,24,504,29.97,,,,,,,,,,
SCHU,2015-08-23 09:20:00 EDT,43.11700,-73.57829,103,70.2,69.3,70.2,77.0,62.7,0.000,0.000,0.00,0.000,2.4,5.0,0.9,9,35,3.1,6.0,1.0,20,33,2.4,5.0,0.9,9,35,518,29.96,,,,,,,,,,
SCHU,2015-08-23 09:25:00 EDT,43.11700,-73.57829,103,70.6,69.8,70.6,75.1,62.4,0.000,0.000,0.00,0.000,3.0,6.9,1.3,9,30,3.9,8.1,1.6,16,29,3.0,6.9,1.3,9,30,533,29.96,,,,,,,,,,
SCHU,2015-08-23 09:30:00 EDT,43.11700,-73.57829,103,70.9,70.0,70.9,73.4,62.0,0.000,0.000,0.00,0.000,3.5,6.2,1.0,349,34,4.2,8.9,1.5,2,30,3.5,6.2,1.0,349,34,548,29.96,,,,,,,,,,
SCHU,2015-08-23 09:35:00 EDT,43.11700,-73.57829,103,70.7,70.0,70.7,72.9,61.6,0.000,0.000,0.00,0.000,3.7,6.8,1.2,352,25,4.5,7.6,1.4,2,22,3.7,6.8,1.2,352,25,561,29.96,,,,,,,,,,
SCHU,2015-08-23 09:40:00 EDT,43.11700,-73.57829,103,71.0,70.1,71.0,72.2,61.6,0.000,0.000,0.00,0.000,3.7,6.4,1.2,11,25,4.5,7.2,1.4,18,23,3.7,6.4,1.2,11,25,574,29.96,,,,,,,,,,
SCHU,2015-08-23 09:45:00 EDT,43.11700,-73.57829,103,71.4,70.5,71.4,72.4,62.0,0.000,0.000,0.00,0.000,3.5,7.3,1.4,347,28,4.4,8.9,1.7,358,27,3.5,7.3,1.4,347,28,588,29.96,,,,,,,,,,
SCHU,2015-08-23 09:50:00 EDT,43.11700,-73.57829,103,71.9,71.0,71.9,72.3,62.5,0.000,0.000,0.00,0.000,3.3,6.5,1.2,11,29,4.1,8.1,1.3,20,23,3.3,6.5,1.2,11,29,602,29.96,,,,,,,,,,
SCHU,2015-08-23 09:55:00 EDT,43.11700,-73.57829,103,72.8,71.4,72.8,71.3,63.0,0.000,0.000,0.00,0.000,2.7,6.1,1.3,359,27,3.6,8.7,1.5,12,23,2.7,6.1,1.3,359,27,616,29.95,,,,,,,,,,
SCHU,2015-08-23 10:00:00 EDT,43.11700,-73.57829,103,72.7,71.4,72.7,70.2,62.4,0.000,0.000,0.00,0.000,2.4,4.7,0.9,30,27,3.4,5.6,1.0,38,22,2.4,4.7,0.9,30,27,629,29.95,,,,,,,,,,
SCHU,2015-08-23 10:05:00 EDT,43.11700,-73.57829,103,73.5,72.1,73.5,69.4,62.9,0.000,0.000,0.00,0.000,2.9,5.7,1.3,357,33,3.6,6.7,1.3,7,30,2.9,5.7,1.3,357,33,642,29.95,,,,,,,,,,
SCHU,2015-08-23 10:10:00 EDT,43.11700,-73.57829,103,72.9,72.1,72.9,68.2,61.8,0.000,0.000,0.00,0.000,3.6,7.5,1.6,349,28,4.6,8.7,1.9,360,23,3.6,7.5,1.6,349,28,654,29.95,,,,,,,,,,
SCHU,2015-08-23 10:15:00 EDT,43.11700,-73.57829,103,73.4,72.3,73.4,69.2,62.7,0.000,0.000,0.00,0.000,3.5,6.6,1.4,11,21,4.4,7.6,1.4,20,19,3.5,6.6,1.4,11,21,668,29.94,,,,,,,,,,
SCHU,2015-08-23 10:20:00 EDT,43.11700,-73.57829,103,73.9,72.9,73.9,68.1,62.8,0.000,0.000,0.00,0.000,1.9,6.1,1.2,10,41,2.7,6.7,1.2,31,36,1.9,6.1,1.2,10,41,680,29.94,,,,,,,,,,
SCHU,2015-08-23 10:25:00 EDT,43.11700,-73.57829,103,73.8,73.3,73.8,66.6,62.0,0.000,0.000,0.00,0.000,2.0,5.3,1.1,330,25,2.7,6.0,1.3,348,25,2.0,5.3,1.1,330,25,693,29.94,,,,,,,,,,
SCHU,2015-08-23 10:30:00 EDT,43.11700,-73.57829,103,74.5,73.5,74.5,68.9,63.6,0.000,0.000,0.00,0.000,2.3,4.0,0.8,12,31,3.0,5.6,0.8,24,25,2.3,4.0,0.8,12,31,704,29.94,,,,,,,,,,
SCHU,2015-08-23 10:35:00 EDT,43.11700,-73.57829,103,74.5,73.9,74.5,66.6,62.6,0.000,0.000,0.00,0.000,1.9,6.1,1.4,343,26,2.7,6.5,1.5,357,28,1.9,6.1,1.4,343,26,713,29.94,,,,,,,,,,
SCHU,2015-08-23 10:40:00 EDT,43.11700,-73.57829,103,75.5,73.9,75.5,66.4,63.5,0.000,0.000,0.00,0.000,2.0,3.4,0.8,59,25,2.8,4.7,0.9,63,22,2.0,3.4,0.8,59,25,693,29.93,,,,,,,,,,
SCHU,2015-08-23 10:45:00 EDT,43.11700,-73.57829,103,75.9,74.3,75.9,65.3,63.4,0.000,0.000,0.00,0.000,1.9,3.7,0.8,30,27,2.6,4.5,0.8,40,27,1.9,3.7,0.8,30,27,733,29.93,,,,,,,,,,
SCHU,2015-08-23 10:50:00 EDT,43.11700,-73.57829,103,75.9,74.8,75.9,65.1,63.3,0.000,0.000,0.00,0.000,2.5,6.5,1.6,316,43,3.2,8.1,1.7,328,47,2.5,6.5,1.6,316,43,743,29.93,,,,,,,,,,
SCHU,2015-08-23 10:55:00 EDT,43.11700,-73.57829,103,75.6,74.8,75.6,64.4,62.7,0.000,0.000,0.00,0.000,2.8,5.0,0.9,333,34,3.4,6.0,1.2,347,33,2.8,5.0,0.9,333,34,754,29.93,,,,,,,,,,
SCHU,2015-08-23 11:00:00 EDT,43.11700,-73.57829,103,75.9,75.2,75.9,64.3,63.0,0.000,0.000,0.00,0.000,2.6,6.2,1.4,303,38,3.3,6.7,1.6,314,41,2.6,6.2,1.4,303,38,764,29.93,,,,,,,,,,
SCHU,2015-08-23 11:05:00 EDT,43.11700,-73.57829,103,76.3,75.4,76.3,63.2,62.9,0.000,0.000,0.00,0.000,3.0,7.2,1.4,340,34,3.7,8.7,1.6,353,34,3.0,7.2,1.4,340,34,769,29.93,,,,,,,,,,
SCHU,2015-08-23 11:10:00 EDT,43.11700,-73.57829,103,76.0,75.2,76.0,63.4,62.7,0.000,0.000,0.00,0.000,3.4,6.6,1.8,309,19,3.8,7.8,1.7,319,24,3.4,6.6,1.8,309,19,778,29.92,,,,,,,,,,
SCHU,2015-08-23 11:15:00 EDT,43.11700,-73.57829,103,76.8,75.7,76.8,63.5,63.4,0.000,0.000,0.00,0.000,2.8,6.9,1.4,327,28,3.4,7.6,1.6,341,31,2.8,6.9,1.4,327,28,791,29.92,,,,,,,,,,
SCHU,2015-08-23 11:20:00 EDT,43.11700,-73.57829,103,77.0,75.9,77.0,61.9,62.9,0.000,0.000,0.00,0.000,3.9,7.3,1.7,309,26,4.4,8.3,1.7,325,29,3.9,7.3,1.7,309,26,797,29.92,,,,,,,,,,
SCHU,2015-08-23 11:25:00 EDT,43.11700,-73.57829,103,76.9,75.9,76.9,61.2,62.5,0.000,0.000,0.00,0.000,2.7,5.2,1.2,282,25,3.0,6.0,1.3,291,27,2.7,5.2,1.2,282,25,810,29.92,,,,,,,,,,
SCHU,2015-08-23 11:30:00 EDT,43.11700,-73.57829,103,77.1,76.3,77.1,61.3,62.7,0.000,0.000,0.00,0.000,3.3,7.1,1.5,255,19,3.6,7.8,1.7,259,22,3.3,7.1,1.5,255,19,839,29.91,,,,,,,,,,
SCHU,2015-08-23 11:35:00 EDT,43.11700,-73.57829,103,78.3,77.3,78.3,61.0,63.8,0.000,0.000,0.00,0.000,1.9,4.5,1.1,330,37,2.6,5.4,1.2,346,39,1.9,4.5,1.1,330,37,855,29.91,,,,,,,,,,
SCHU,2015-08-23 11:40:00 EDT,43.11700,-73.57829,103,78.3,77.3,78.3,59.8,63.2,0.000,0.000,0.00,0.000,2.8,6.0,1.3,316,34,3.6,7.6,1.4,331,34,2.8,6.0,1.3,316,34,895,29.91,,,,,,,,,,
SCHU,2015-08-23 11:45:00 EDT,43.11700,-73.57829,103,78.6,77.4,78.6,59.1,63.1,0.000,0.000,0.00,0.000,2.5,5.2,0.9,315,39,3.0,5.6,1.1,326,44,2.5,5.2,0.9,315,39,931,29.91,,,,,,,,,,
SCHU,2015-08-23 11:50:00 EDT,43.11700,-73.57829,103,78.9,77.2,78.9,57.5,62.6,0.000,0.000,0.00,0.000,2.3,4.4,1.0,1,40,3.0,5.1,1.1,11,38,2.3,4.4,1.0,1,40,811,29.90,,,,,,,,,,
SCHU,2015-08-23 11:55:00 EDT,43.11700,-73.57829,103,79.3,77.7,79.3,59.0,63.7,0.000,0.000,0.00,0.000,1.8,3.9,1.0,285,40,2.5,5.1,1.1,301,47,1.8,3.9,1.0,285,40,891,29.90,,,,,,,,,,
SCHU,2015-08-23 12:00:00 EDT,43.11700,-73.57829,103,79.1,77.9,79.1,57.5,62.8,0.000,0.000,0.00,0.000,2.7,6.2,1.6,332,43,3.3,7.2,1.7,350,49,2.7,6.2,1.6,332,43,884,29.89,,,,,,,,,,
SCHU,2015-08-23 12:05:00 EDT,43.11700,-73.57829,103,79.2,78.4,79.2,56.6,62.5,0.000,0.000,0.00,0.000,0.8,4.1,0.9,90,42,1.9,5.1,1.0,82,48,0.8,4.1,0.9,90,42,937,29.89,,,,,,,,,,
SCHU,2015-08-23 12:10:00 EDT,43.11700,-73.57829,103,80.0,78.8,81.3,54.6,62.2,0.000,0.000,0.00,0.000,2.8,6.6,1.1,120,28,3.5,7.4,1.2,117,28,2.8,6.6,1.1,120,28,928,29.89,,,,,,,,,,
SCHU,2015-08-23 12:15:00 EDT,43.11700,-73.57829,103,79.5,78.4,79.5,54.9,61.9,0.000,0.000,0.00,0.000,1.0,2.8,0.9,316,57,1.7,3.8,0.8,341,68,1.0,2.8,0.9,316,57,924,29.89,,,,,,,,,,
SCHU,2015-08-23 12:20:00 EDT,43.11700,-73.57829,103,80.3,78.9,81.7,55.7,63.1,0.000,0.000,0.00,0.000,2.1,4.0,1.0,180,48,2.5,6.3,1.2,174,51,2.1,4.0,1.0,180,48,933,29.89,,,,,,,,,,
SCHU,2015-08-23 12:25:00 EDT,43.11700,-73.57829,103,80.8,79.4,82.1,55.0,63.1,0.000,0.000,0.00,0.000,2.9,5.8,1.6,130,18,3.7,7.4,1.7,124,19,2.9,5.8,1.6,130,18,908,29.88,,,,,,,,,,
SCHU,2015-08-23 12:30:00 EDT,43.11700,-73.57829,103,81.2,79.4,82.4,53.7,62.8,0.000,0.000,0.00,0.000,1.3,3.3,0.8,87,42,2.4,4.3,0.9,75,48,1.3,3.3,0.8,87,42,878,29.88,,,,,,,,,,
SCHU,2015-08-23 12:35:00 EDT,43.11700,-73.57829,103,80.5,79.4,81.4,51.6,61.0,0.000,0.000,0.00,0.000,2.5,5.1,1.4,159,18,3.1,6.5,1.5,155,21,2.5,5.1,1.4,159,18,957,29.88,,,,,,,,,,
SCHU,2015-08-23 12:40:00 EDT,43.11700,-73.57829,103,80.3,79.4,81.3,52.0,61.1,0.000,0.000,0.00,0.000,1.5,4.3,1.3,17,24,2.4,6.0,1.3,37,37,1.5,4.3,1.3,17,24,783,29.87,,,,,,,,,,
SCHU,2015-08-23 12:45:00 EDT,43.11700,-73.57829,103,80.7,79.5,81.5,50.9,60.8,0.000,0.000,0.00,0.000,1.4,3.2,0.7,75,46,2.3,7.4,1.0,77,43,1.4,3.2,0.7,75,46,994,29.87,,,,,,,,,,
SCHU,2015-08-23 12:50:00 EDT,43.11700,-73.57829,103,82.2,80.2,83.4,52.9,63.3,0.000,0.000,0.00,0.000,1.6,4.2,0.8,102,22,2.7,4.9,1.0,101,27,1.6,4.2,0.8,102,22,967,29.87,,,,,,,,,,
SCHU,2015-08-23 12:55:00 EDT,43.11700,-73.57829,103,81.4,80.2,82.3,51.4,61.7,0.000,0.000,0.00,0.000,1.0,3.2,0.8,183,31,1.7,3.8,0.9,162,50,1.0,3.2,0.8,183,31,796,29.87,,,,,,,,,,
SCHU,2015-08-23 13:00:00 EDT,43.11700,-73.57829,103,81.5,80.7,82.6,52.0,62.2,0.000,0.000,0.00,0.000,1.6,3.9,1.0,133,17,2.3,4.9,1.0,126,20,1.6,3.9,1.0,133,17,937,29.87,,,,,,,,,,
SCHU,2015-08-23 13:05:00 EDT,43.11700,-73.57829,103,82.2,81.0,83.0,50.0,61.7,0.000,0.000,0.00,0.000,1.6,2.6,0.4,159,28,2.2,4.3,0.8,153,27,1.6,2.6,0.4,159,28,952,29.86,,,,,,,,,,
SCHU,2015-08-23 13:10:00 EDT,43.11700,-73.57829,103,82.0,80.6,82.5,48.4,60.6,0.000,0.000,0.00,0.000,2.4,3.6,0.7,199,29,2.8,4.7,0.9,195,33,2.4,3.6,0.7,199,29,807,29.86,,,,,,,,,,
SCHU,2015-08-23 13:15:00 EDT,43.11700,-73.57829,103,81.8,80.5,82.5,49.7,61.1,0.000,0.000,0.00,0.000,2.3,3.4,0.6,144,29,2.8,4.7,0.8,137,29,2.3,3.4,0.6,144,29,903,29.86,,,,,,,,,,
SCHU,2015-08-23 13:20:00 EDT,43.11700,-73.57829,103,81.6,80.5,82.3,49.5,60.9,0.000,0.000,0.00,0.000,1.9,3.9,0.8,203,34,2.3,5.4,0.9,199,36,1.9,3.9,0.8,203,34,996,29.86,,,,,,,,,,
SCHU,2015-08-23 13:25:00 EDT,43.11700,-73.57829,103,82.4,81.1,83.2,50.1,62.0,0.000,0.000,0.00,0.000,2.3,4.3,0.9,162,28,2.8,5.6,1.1,156,28,2.3,4.3,0.9,162,28,1008,29.86,,,,,,,,,,
SCHU,2015-08-23 13:30:00 EDT,43.11700,-73.57829,103,82.6,80.9,83.2,48.3,61.1,0.000,0.000,0.00,0.000,2.9,5.3,1.1,222,38,3.2,5.8,1.2,218,41,2.9,5.3,1.1,222,38,1023,29.86,,,,,,,,,,
SCHU,2015-08-23 13:35:00 EDT,43.11700,-73.57829,103,82.8,81.3,83.3,47.7,60.9,0.000,0.000,0.00,0.000,1.8,4.0,1.2,186,44,2.3,5.1,1.0,170,54,1.8,4.0,1.2,186,44,1051,29.86,,,,,,,,,,
SCHU,2015-08-23 13:40:00 EDT,43.11700,-73.57829,103,83.3,82.0,83.9,48.1,61.6,0.000,0.000,0.00,0.000,2.0,4.1,0.8,268,41,2.5,4.7,1.0,269,47,2.0,4.1,0.8,268,41,1065,29.86,,,,,,,,,,
SCHU,2015-08-23 13:45:00 EDT,43.11700,-73.57829,103,82.6,81.6,82.9,46.9,60.3,0.000,0.000,0.00,0.000,3.7,6.2,1.5,142,22,4.3,7.6,1.6,139,22,3.7,6.2,1.5,142,22,641,29.86,,,,,,,,,,
SCHU,2015-08-23 13:50:00 EDT,43.11700,-73.57829,103,81.5,80.8,82.2,49.4,60.8,0.000,0.000,0.00,0.000,2.1,4.0,0.9,105,41,3.0,5.8,1.0,97,39,2.1,4.0,0.9,105,41,514,29.86,,,,,,,,,,
SCHU,2015-08-23 13:55:00 EDT,43.11700,-73.57829,103,81.6,80.9,82.5,51.1,61.8,0.000,0.000,0.00,0.000,2.5,4.6,1.2,172,40,3.0,6.3,1.2,165,44,2.5,4.6,1.2,172,40,772,29.87,,,,,,,,,,
SCHU,2015-08-23 14:00:00 EDT,43.11700,-73.57829,103,81.0,80.8,81.8,50.3,60.8,0.000,0.000,0.00,0.000,3.3,5.1,1.0,166,18,3.8,5.8,1.2,161,16,3.3,5.1,1.0,166,18,438,29.87,,,,,,,,,,
SCHU,2015-08-23 14:05:00 EDT,43.11700,-73.57829,103,82.1,80.9,83.1,51.5,62.5,0.000,0.000,0.00,0.000,2.4,5.0,0.9,176,22,2.9,6.3,1.0,173,23,2.4,5.0,0.9,176,22,913,29.86,,,,,,,,,,
SCHU,2015-08-23 14:10:00 EDT,43.11700,-73.57829,103,82.5,81.3,83.4,50.6,62.3,0.000,0.000,0.00,0.000,4.3,6.1,0.9,160,15,4.8,7.4,1.1,157,13,4.3,6.1,0.9,160,15,847,29.86,,,,,,,,,,
SCHU,2015-08-23 14:15:00 EDT,43.11700,-73.57829,103,82.1,81.2,83.0,50.2,61.8,0.000,0.000,0.00,0.000,4.6,6.1,0.8,159,14,5.2,7.2,1.0,155,14,4.6,6.1,0.8,159,14,881,29.86,,,,,,,,,,
SCHU,2015-08-23 14:20:00 EDT,43.11700,-73.57829,103,82.4,81.6,83.3,50.2,62.0,0.000,0.000,0.00,0.000,2.9,5.6,1.5,153,30,3.7,6.7,1.5,150,30,2.9,5.6,1.5,153,30,868,29.86,,,,,,,,,,
SCHU,2015-08-23 14:25:00 EDT,43.11700,-73.57829,103,82.7,81.4,83.3,48.4,61.3,0.000,0.000,0.00,0.000,2.0,5.8,1.3,176,17,2.5,6.9,1.4,173,21,2.0,5.8,1.3,176,17,838,29.86,,,,,,,,,,
SCHU,2015-08-23 14:30:00 EDT,43.11700,-73.57829,103,82.2,81.1,82.6,47.6,60.3,0.000,0.000,0.00,0.000,3.1,4.5,0.8,190,15,3.3,5.1,1.0,186,15,3.1,4.5,0.8,190,15,823,29.85,,,,,,,,,,
SCHU,2015-08-23 14:35:00 EDT,43.11700,-73.57829,103,82.7,81.3,83.2,47.9,61.0,0.000,0.000,0.00,0.000,2.5,4.0,0.7,253,40,2.6,4.5,0.8,255,45,2.5,4.0,0.7,253,40,807,29.85,,,,,,,,,,
SCHU,2015-08-23 14:40:00 EDT,43.11700,-73.57829,103,82.7,81.6,83.0,46.7,60.3,0.000,0.000,0.00,0.000,0.7,2.1,0.5,3,34,1.5,3.1,0.7,21,41,0.7,2.1,0.5,3,34,800,29.84,,,,,,,,,,
SCHU,2015-08-23 14:45:00 EDT,43.11700,-73.57829,103,83.1,82.2,83.7,48.3,61.6,0.000,0.000,0.00,0.000,2.0,5.1,1.2,292,36,2.6,7.2,1.3,302,41,2.0,5.1,1.2,292,36,792,29.84,,,,,,,,,,
SCHU,2015-08-23 14:50:00 EDT,43.11700,-73.57829,103,82.9,82.1,83.5,48.2,61.4,0.000,0.000,0.00,0.000,2.8,5.3,1.2,325,25,3.3,6.3,1.3,338,25,2.8,5.3,1.2,325,25,782,29.84,,,,,,,,,,
SCHU,2015-08-23 14:55:00 EDT,43.11700,-73.57829,103,83.1,82.0,84.0,49.7,62.4,0.000,0.000,0.00,0.000,1.5,4.2,1.0,327,34,2.3,5.1,1.2,347,43,1.5,4.2,1.0,327,34,777,29.84,,,,,,,,,,
SCHU,2015-08-23 15:00:00 EDT,43.11700,-73.57829,103,83.3,82.5,84.2,49.2,62.3,0.000,0.000,0.00,0.000,2.4,4.3,1.0,202,40,2.9,5.6,1.1,200,44,2.4,4.3,1.0,202,40,775,29.84,,,,,,,,,,
SCHU,2015-08-23 15:05:00 EDT,43.11700,-73.57829,103,83.3,82.6,83.7,47.1,61.0,0.000,0.000,0.00,0.000,3.2,5.8,1.2,142,14,3.6,7.4,1.3,138,15,3.2,5.8,1.2,142,14,752,29.85,,,,,,,,,,
SCHU,2015-08-23 15:10:00 EDT,43.11700,-73.57829,103,83.5,82.7,84.0,47.3,61.3,0.000,0.000,0.00,0.000,2.4,4.4,0.8,141,20,2.8,5.6,0.9,135,18,2.4,4.4,0.8,141,20,798,29.85,,,,,,,,,,
SCHU,2015-08-23 15:15:00 EDT,43.11700,-73.57829,103,83.6,83.1,84.3,48.1,61.9,0.000,0.000,0.00,0.000,2.9,5.3,1.2,154,14,3.5,6.3,1.2,151,16,2.9,5.3,1.2,154,14,747,29.85,,,,,,,,,,
SCHU,2015-08-23 15:20:00 EDT,43.11700,-73.57829,103,83.9,82.9,84.3,46.3,61.1,0.000,0.000,0.00,0.000,2.8,5.3,1.3,152,19,3.5,6.3,1.5,147,20,2.8,5.3,1.3,152,19,812,29.84,,,,,,,,,,
SCHU,2015-08-23 15:25:00 EDT,43.11700,-73.57829,103,84.3,82.6,84.8,46.9,61.8,0.000,0.000,0.00,0.000,3.0,5.4,1.4,116,18,3.6,6.3,1.5,115,19,3.0,5.4,1.4,116,18,872,29.84,,,,,,,,,,
SCHU,2015-08-23 15:30:00 EDT,43.11700,-73.57829,103,85.0,82.9,85.6,46.1,62.0,0.000,0.000,0.00,0.000,2.3,4.4,1.0,59,18,2.9,5.8,1.0,63,16,2.3,4.4,1.0,59,18,844,29.84,,,,,,,,,,
SCHU,2015-08-23 15:35:00 EDT,43.11700,-73.57829,103,84.4,82.9,84.8,46.3,61.5,0.000,0.000,0.00,0.000,0.8,2.5,0.8,71,52,1.5,3.4,0.7,72,53,0.8,2.5,0.8,71,52,493,29.84,,,,,,,,,,
SCHU,2015-08-23 15:40:00 EDT,43.11700,-73.57829,103,83.6,82.9,84.2,47.7,61.7,0.000,0.000,0.00,0.000,2.6,6.0,1.3,155,16,3.1,6.5,1.4,150,17,2.6,6.0,1.3,155,16,380,29.84,,,,,,,,,,
SCHU,2015-08-23 15:45:00 EDT,43.11700,-73.57829,103,82.3,82.0,83.0,49.0,61.3,0.000,0.000,0.00,0.000,0.8,3.3,1.0,192,14,1.4,3.8,0.9,184,34,0.8,3.3,1.0,192,14,276,29.84,,,,,,,,,,
SCHU,2015-08-23 15:50:00 EDT,43.11700,-73.57829,103,82.5,81.8,83.8,52.5,63.4,0.000,0.000,0.00,0.000,1.7,3.3,0.8,140,29,2.4,4.7,0.8,130,34,1.7,3.3,0.8,140,29,253,29.84,,,,,,,,,,
SCHU,2015-08-23 15:55:00 EDT,43.11700,-73.57829,103,82.2,81.9,83.2,51.3,62.5,0.000,0.000,0.00,0.000,2.5,5.3,1.1,136,21,3.0,5.6,1.1,131,20,2.5,5.3,1.1,136,21,293,29.84,,,,,,,,,,
SCHU,2015-08-23 16:00:00 EDT,43.11700,-73.57829,103,81.7,81.7,82.8,51.9,62.3,0.000,0.000,0.00,0.000,2.5,3.9,0.8,163,19,2.8,4.5,0.9,158,20,2.5,3.9,0.8,163,19,177,29.84,,,,,,,,,,
SCHU,2015-08-23 16:05:00 EDT,43.11700,-73.57829,103,80.8,81.2,82.2,55.5,63.4,0.000,0.000,0.00,0.000,1.7,4.8,1.1,171,21,2.3,5.6,1.1,163,23,1.7,4.8,1.1,171,21,154,29.84,,,,,,,,,,
SCHU,2015-08-23 16:10:00 EDT,43.11700,-73.57829,103,80.4,80.8,81.9,56.5,63.5,0.000,0.000,0.00,0.000,2.7,4.6,0.9,152,18,3.0,5.4,1.1,145,17,2.7,4.6,0.9,152,18,228,29.83,,,,,,,,,,
SCHU,2015-08-23 16:15:00 EDT,43.11700,-73.57829,103,81.6,81.1,83.5,57.0,65.0,0.000,0.000,0.00,0.000,2.1,4.9,1.3,152,25,2.6,5.4,1.3,147,27,2.1,4.9,1.3,152,25,638,29.83,,,,,,,,,,
SCHU,2015-08-23 16:20:00 EDT,43.11700,-73.57829,103,82.8,82.1,84.4,53.9,64.4,0.000,0.000,0.00,0.000,4.2,7.2,1.4,169,21,4.8,8.9,1.6,171,20,4.2,7.2,1.4,169,21,639,29.83,,,,,,,,,,
SCHU,2015-08-23 16:25:00 EDT,43.11700,-73.57829,103,82.9,82.3,84.6,54.7,64.9,0.000,0.000,0.00,0.000,4.4,9.9,2.4,163,21,5.2,11.0,2.6,160,20,4.4,9.9,2.4,163,21,622,29.83,,,,,,,,,,
SCHU,2015-08-23 16:30:00 EDT,43.11700,-73.57829,103,83.1,82.3,85.2,55.9,65.8,0.000,0.000,0.00,0.000,4.0,10.1,2.1,158,22,4.8,14.3,2.4,152,21,4.0,10.1,2.1,158,22,551,29.83,,,,,,,,,,
SCHU,2015-08-23 16:35:00 EDT,43.11700,-73.57829,103,81.8,81.5,83.2,54.6,63.8,0.000,0.000,0.00,0.000,4.7,8.8,1.7,158,19,5.2,9.2,1.8,156,18,4.7,8.8,1.7,158,19,242,29.83,,,,,,,,,,
SCHU,2015-08-23 16:40:00 EDT,43.11700,-73.57829,103,80.7,80.7,82.3,57.3,64.1,0.000,0.000,0.00,0.000,3.7,8.0,1.5,149,22,4.0,9.2,1.6,146,21,3.7,8.0,1.5,149,22,147,29.83,,,,,,,,,,
SCHU,2015-08-23 16:45:00 EDT,43.11700,-73.57829,103,81.5,80.8,83.6,59.2,65.9,0.000,0.000,0.00,0.000,1.7,3.9,1.0,138,27,2.4,5.1,1.0,131,29,1.7,3.9,1.0,138,27,419,29.83,,,,,,,,,,
SCHU,2015-08-23 16:50:00 EDT,43.11700,-73.57829,103,81.2,81.0,83.1,58.2,65.2,0.000,0.000,0.00,0.000,3.0,6.1,1.3,150,22,3.5,6.5,1.5,146,20,3.0,6.1,1.3,150,22,173,29.83,,,,,,,,,,
SCHU,2015-08-23 16:55:00 EDT,43.11700,-73.57829,103,81.0,80.9,82.9,59.4,65.5,0.000,0.000,0.00,0.000,2.9,6.6,1.4,157,19,3.3,6.9,1.5,152,20,2.9,6.6,1.4,157,19,388,29.83,,,,,,,,,,
SCHU,2015-08-23 17:00:00 EDT,43.11700,-73.57829,103,82.4,81.9,84.1,55.3,64.8,0.000,0.000,0.00,0.000,2.5,5.2,1.3,111,45,3.3,6.7,1.4,113,43,2.5,5.2,1.3,111,45,468,29.82,,,,,,,,,,
SCHU,2015-08-23 17:05:00 EDT,43.11700,-73.57829,103,82.9,82.1,84.7,54.8,65.0,0.000,0.000,0.00,0.000,2.1,6.1,1.4,111,32,3.2,9.4,1.5,106,31,2.1,6.1,1.4,111,32,454,29.82,,,,,,,,,,
SCHU,2015-08-23 17:10:00 EDT,43.11700,-73.57829,103,83.0,82.1,84.7,54.4,64.8,0.000,0.000,0.00,0.000,3.0,9.2,1.9,96,32,4.0,11.6,2.4,95,27,3.0,9.2,1.9,96,32,439,29.82,,,,,,,,,,
SCHU,2015-08-23 17:15:00 EDT,43.11700,-73.57829,103,82.7,81.9,84.4,54.6,64.7,0.000,0.000,0.00,0.000,2.6,5.8,1.3,118,33,3.5,6.7,1.5,113,33,2.6,5.8,1.3,118,33,418,29.82,,,,,,,,,,
SCHU,2015-08-23 17:20:00 EDT,43.11700,-73.57829,103,82.5,81.8,84.0,54.2,64.3,0.000,0.000,0.00,0.000,2.8,5.7,1.5,103,37,3.9,7.4,1.7,98,33,2.8,5.7,1.5,103,37,368,29.81,,,,,,,,,,
SCHU,2015-08-23 17:25:00 EDT,43.11700,-73.57829,103,82.5,81.8,84.0,53.8,64.1,0.000,0.000,0.00,0.000,2.3,5.9,1.6,125,22,2.8,6.7,1.5,122,22,2.3,5.9,1.6,125,22,392,29.81,,,,,,,,,,
SCHU,2015-08-23 17:30:00 EDT,43.11700,-73.57829,103,82.4,81.9,84.0,54.4,64.3,0.000,0.000,0.00,0.000,2.7,6.5,1.1,145,25,3.2,6.5,1.2,140,23,2.7,6.5,1.1,145,25,380,29.81,,,,,,,,,,
SCHU,2015-08-23 17:35:00 EDT,43.11700,-73.57829,103,81.9,81.6,83.5,55.2,64.2,0.000,0.000,0.00,0.000,3.7,7.3,1.1,166,21,4.3,8.3,1.3,166,23,3.7,7.3,1.1,166,21,360,29.81,,,,,,,,,,
SCHU,2015-08-23 17:40:00 EDT,43.11700,-73.57829,103,81.9,81.7,83.6,56.2,64.8,0.000,0.000,0.00,0.000,3.3,5.9,1.1,158,15,3.7,6.7,1.3,156,16,3.3,5.9,1.1,158,15,341,29.82,,,,,,,,,,
SCHU,2015-08-23 17:45:00 EDT,43.11700,-73.57829,103,82.0,81.7,84.0,57.6,65.6,0.000,0.000,0.00,0.000,2.5,5.2,1.2,157,20,2.9,6.0,1.2,151,21,2.5,5.2,1.2,157,20,323,29.82,,,,,,,,,,
SCHU,2015-08-23 17:50:00 EDT,43.11700,-73.57829,103,81.8,81.5,83.5,56.4,64.8,0.000,0.000,0.00,0.000,1.9,5.5,1.1,177,26,2.3,6.5,1.1,171,31,1.9,5.5,1.1,177,26,311,29.82,,,,,,,,,,
SCHU,2015-08-23 17:55:00 EDT,43.11700,-73.57829,103,81.8,81.4,83.7,57.7,65.4,0.000,0.000,0.00,0.000,0.6,2.8,0.6,164,35,1.4,3.1,0.6,161,41,0.6,2.8,0.6,164,35,325,29.82,,,,,,,,,,
SCHU,2015-08-23 18:00:00 EDT,43.11700,-73.57829,103,82.2,81.7,84.2,57.4,65.6,0.000,0.000,0.00,0.000,1.1,3.0,0.9,143,24,1.8,4.0,1.0,134,32,1.1,3.0,0.9,143,24,302,29.82,,,,,,,,,,
SCHU,2015-08-23 18:05:00 EDT,43.11700,-73.57829,103,82.2,81.8,84.0,56.1,65.0,0.000,0.000,0.00,0.000,3.4,6.1,1.3,124,24,4.1,7.8,1.4,121,23,3.4,6.1,1.3,124,24,252,29.81,,,,,,,,,,
SCHU,2015-08-23 18:10:00 EDT,43.11700,-73.57829,103,81.3,81.3,83.1,57.4,64.9,0.000,0.000,0.00,0.000,2.6,5.6,1.1,159,32,3.2,6.0,1.1,149,35,2.6,5.6,1.1,159,32,197,29.81,,,,,,,,,,
SCHU,2015-08-23 18:15:00 EDT,43.11700,-73.57829,103,80.6,80.8,82.3,58.1,64.5,0.000,0.000,0.00,0.000,3.9,7.5,1.3,161,18,4.4,8.3,1.6,156,18,3.9,7.5,1.3,161,18,130,29.81,,,,,,,,,,
SCHU,2015-08-23 18:20:00 EDT,43.11700,-73.57829,103,80.3,80.5,82.0,58.8,64.5,0.000,0.000,0.00,0.000,3.6,7.0,1.2,156,27,4.1,7.6,1.5,151,25,3.6,7.0,1.2,156,27,74,29.81,,,,,,,,,,
SCHU,2015-08-23 18:25:00 EDT,43.11700,-73.57829,103,80.0,80.3,80.0,60.1,64.9,0.000,0.000,0.00,0.000,3.6,6.1,1.2,133,24,4.3,8.1,1.3,127,22,3.6,6.1,1.2,133,24,94,29.80,,,,,,,,,,
SCHU,2015-08-23 18:30:00 EDT,43.11700,-73.57829,103,80.0,80.3,80.0,60.2,64.9,0.000,0.000,0.00,0.000,2.2,4.8,1.1,137,22,2.6,4.9,1.1,133,21,2.2,4.8,1.1,137,22,56,29.80,,,,,,,,,,
SCHU,2015-08-23 18:35:00 EDT,43.11700,-73.57829,103,78.4,79.8,78.4,62.7,64.6,0.000,0.000,0.00,0.000,2.0,5.3,1.0,146,20,2.3,6.9,1.1,144,19,2.0,5.3,1.0,146,20,35,29.80,,,,,,,,,,
SCHU,2015-08-23 18:40:00 EDT,43.11700,-73.57829,103,78.3,79.2,78.3,64.1,65.2,0.000,0.000,0.00,0.000,2.1,4.5,1.1,155,24,2.6,5.4,1.1,149,25,2.1,4.5,1.1,155,24,35,29.80,,,,,,,,,,
SCHU,2015-08-23 18:45:00 EDT,43.11700,-73.57829,103,77.8,79.0,77.8,65.1,65.2,0.000,0.000,0.00,0.000,1.2,3.4,0.7,160,31,1.8,3.8,0.7,153,28,1.2,3.4,0.7,160,31,43,29.80,,,,,,,,,,
SCHU,2015-08-23 18:50:00 EDT,43.11700,-73.57829,103,77.3,78.8,77.3,66.0,65.0,0.000,0.000,0.00,0.000,1.7,3.1,0.6,164,22,2.0,3.1,0.6,159,20,1.7,3.1,0.6,164,22,46,29.80,,,,,,,,,,
SCHU,2015-08-23 18:55:00 EDT,43.11700,-73.57829,103,76.9,78.7,76.9,67.2,65.2,0.000,0.000,0.00,0.000,1.3,2.5,0.6,159,23,1.6,2.9,0.6,152,24,1.3,2.5,0.6,159,23,49,29.80,,,,,,,,,,
SCHU,2015-08-23 19:00:00 EDT,43.11700,-73.57829,103,76.4,78.6,76.4,69.1,65.5,0.000,0.000,0.00,0.000,0.8,2.0,0.6,166,17,1.2,2.0,0.5,158,27,0.8,2.0,0.6,166,17,47,29.80,,,,,,,,,,
SCHU,2015-08-23 19:05:00 EDT,43.11700,-73.57829,103,76.2,78.1,76.2,70.3,65.9,0.000,0.000,0.00,0.000,0.0,0.1,0.0,155,0,0.4,1.1,0.3,144,51,0.0,0.1,0.0,155,0,48,29.80,,,,,,,,,,
SCHU,2015-08-23 19:10:00 EDT,43.11700,-73.57829,103,76.1,77.8,76.1,69.9,65.6,0.000,0.000,0.00,0.000,0.0,0.4,0.1,156,0,0.6,1.3,0.3,176,27,0.0,0.4,0.1,156,0,47,29.80,,,,,,,,,,
SCHU,2015-08-23 19:15:00 EDT,43.11700,-73.57829,103,75.2,77.4,75.2,72.1,65.6,0.000,0.000,0.00,0.000,0.0,0.0,0.0,0,0,0.8,1.6,0.3,182,28,0.0,0.0,0.0,0,0,43,29.80,,,,,,,,,,
SCHU,2015-08-23 19:20:00 EDT,43.11700,-73.57829,103,75.3,77.1,75.3,73.2,66.1,0.000,0.000,0.00,0.000,0.3,1.4,0.3,163,4,0.9,1.6,0.3,177,16,0.3,1.4,0.3,163,4,38,29.80,,,,,,,,,,
SCHU,2015-08-23 19:25:00 EDT,43.11700,-73.57829,103,75.0,77.0,75.0,75.4,66.7,0.000,0.000,0.00,0.000,0.8,1.5,0.4,132,26,1.3,2.2,0.4,121,32,0.8,1.5,0.4,132,26,32,29.80,,,,,,,,,,
SCHU,2015-08-23 19:30:00 EDT,43.11700,-73.57829,103,75.0,76.6,75.0,78.3,67.8,0.000,0.000,0.00,0.000,0.5,1.5,0.4,57,11,1.5,3.1,0.4,66,20,0.5,1.5,0.4,57,11,27,29.80,,,,,,,,,,
SCHU,2015-08-23 19:35:00 EDT,43.11700,-73.57829,103,74.5,76.1,74.5,80.1,67.9,0.000,0.000,0.00,0.000,0.0,0.0,0.0,0,0,0.7,1.6,0.3,112,44,0.0,0.0,0.0,0,0,21,29.80,,,,,,,,,,
SCHU,2015-08-23 19:40:00 EDT,43.11700,-73.57829,103,73.5,75.8,73.5,80.9,67.3,0.000,0.000,0.00,0.000,0.0,0.0,0.0,0,0,0.9,1.3,0.3,137,14,0.0,0.0,0.0,0,0,15,29.80,,,,,,,,,,
SCHU,2015-08-23 19:45:00 EDT,43.11700,-73.57829,103,73.3,75.4,73.3,83.5,68.0,0.000,0.000,0.00,0.000,0.1,0.8,0.3,67,0,0.9,1.8,0.3,159,34,0.1,0.8,0.3,67,0,10,29.80,,,,,,,,,,
SCHU,2015-08-23 19:50:00 EDT,43.11700,-73.57829,103,73.3,74.7,73.3,83.9,68.1,0.000,0.000,0.00,0.000,0.1,0.5,0.2,67,0,0.6,0.9,0.1,278,22,0.1,0.5,0.2,67,0,5,29.80,,,,,,,,,,
SCHU,2015-08-23 19:55:00 EDT,43.11700,-73.57829,103,73.3,74.7,73.3,84.4,68.3,0.000,0.000,0.00,0.000,0.0,0.0,0.0,0,0,0.5,0.7,0.1,24,46,0.0,0.0,0.0,0,0,3,29.80,,,,,,,,,,
SCHU,2015-08-23 20:00:00 EDT,43.11700,-73.57829,103,72.3,74.2,72.3,85.8,67.9,0.000,0.000,0.00,0.000,0.0,0.0,0.0,0,0,0.3,0.7,0.2,48,37,0.0,0.0,0.0,0,0,1,29.80,,,,,,,,,,
SCHU,2015-08-23 20:05:00 EDT,43.11700,-73.57829,103,72.2,73.8,72.2,86.5,67.9,0.000,0.000,0.00,0.000,0.0,0.0,0.0,0,0,0.3,0.7,0.2,357,68,0.0,0.0,0.0,0,0,0,29.80,,,,,,,,,,
SCHU,2015-08-23 20:10:00 EDT,43.11700,-73.57829,103,71.7,73.3,71.7,87.1,67.6,0.000,0.000,0.00,0.000,0.0,0.0,0.0,0,0,0.4,0.9,0.2,186,46,0.0,0.0,0.0,0,0,0,29.81,,,,,,,,,,
SCHU,2015-08-23 20:15:00 EDT,43.11700,-73.57829,103,71.7,73.0,71.7,87.9,67.9,0.000,0.000,0.00,0.000,0.0,0.0,0.0,0,0,0.5,1.1,0.2,178,16,0.0,0.0,0.0,0,0,0,29.81,,,,,,,,,,
SCHU,2015-08-23 20:20:00 EDT,43.11700,-73.57829,103,71.3,72.8,71.3,88.3,67.6,0.000,0.000,0.00,0.000,0.0,0.0,0.0,0,0,0.4,0.9,0.2,298,50,0.0,0.0,0.0,0,0,0,29.81,,,,,,,,,,
SCHU,2015-08-23 20:25:00 EDT,43.11700,-73.57829,103,71.2,72.5,71.2,89.4,67.9,0.000,0.000,0.00,0.000,0.1,0.4,0.1,67,0,0.8,1.1,0.1,359,42,0.1,0.4,0.1,67,0,0,29.81,,,,,,,,,,
SCHU,2015-08-23 20:30:00 EDT,43.11700,-73.57829,103,70.6,72.3,70.6,89.9,67.5,0.000,0.000,0.00,0.000,0.1,0.6,0.2,67,0,1.1,1.6,0.2,81,13,0.1,0.6,0.2,67,0,0,29.81,,,,,,,,,,
SCHU,2015-08-23 20:35:00 EDT,43.11700,-73.57829,103,70.2,72.1,70.2,90.6,67.3,0.000,0.000,0.00,0.000,0.1,0.5,0.1,67,0,0.6,1.3,0.4,64,48,0.1,0.5,0.1,67,0,0,29.81,,,,,,,,,,
SCHU,2015-08-23 20:40:00 EDT,43.11700,-73.57829,103,70.5,71.8,70.5,92.1,68.1,0.000,0.000,0.00,0.000,0.1,0.4,0.1,67,0,0.6,1.1,0.2,289,15,0.1,0.4,0.1,67,0,0,29.81,,,,,,,,,,
SCHU,2015-08-23 20:45:00 EDT,43.11700,-73.57829,103,70.6,71.6,70.6,92.7,68.3,0.000,0.000,0.00,0.000,0.0,0.5,0.1,67,0,0.7,1.3,0.2,319,29,0.0,0.5,0.1,67,0,0,29.81,,,,,,,,,,
SCHU,2015-08-23 20:50:00 EDT,43.11700,-73.57829,103,70.5,71.4,70.5,93.1,68.4,0.000,0.000,0.00,0.000,0.0,0.0,0.0,0,0,0.7,1.3,0.3,354,24,0.0,0.0,0.0,0,0,0,29.81,,,,,,,,,,
SCHU,2015-08-23 20:55:00 EDT,43.11700,-73.57829,103,70.2,71.2,70.2,92.4,67.9,0.000,0.000,0.00,0.000,0.3,0.7,0.3,67,0,0.7,1.1,0.2,258,23,0.3,0.7,0.3,67,0,0,29.81,,,,,,,,,,
SCHU,2015-08-23 21:00:00 EDT,43.11700,-73.57829,103,69.9,71.2,69.9,92.5,67.6,0.000,0.000,0.00,0.000,0.0,0.0,0.0,0,0,0.6,1.3,0.3,71,35,0.0,0.0,0.0,0,0,0,29.81,,,,,,,,,,
SCHU,2015-08-23 21:05:00 EDT,43.11700,-73.57829,103,70.1,71.4,70.1,92.8,67.9,0.000,0.000,0.00,0.000,0.0,0.0,0.0,0,0,0.8,1.6,0.3,67,20,0.0,0.0,0.0,0,0,0,29.81,,,,,,,,,,
SCHU,2015-08-23 21:10:00 EDT,43.11700,-73.57829,103,69.3,71.1,69.3,94.2,67.6,0.000,0.000,0.00,0.000,0.0,0.0,0.0,0,0,0.8,1.6,0.3,86,32,0.0,0.0,0.0,0,0,0,29.81,,,,,,,,,,
SCHU,2015-08-23 21:15:00 EDT,43.11700,-73.57829,103,69.4,70.8,69.4,94.6,67.8,0.000,0.000,0.00,0.000,0.0,0.5,0.1,67,0,0.7,1.8,0.3,186,42,0.0,0.5,0.1,67,0,0,29.82,,,,,,,,,,
SCHU,2015-08-23 21:20:00 EDT,43.11700,-73.57829,103,69.4,70.9,69.4,94.3,67.7,0.000,0.000,0.00,0.000,0.0,0.0,0.0,0,0,0.5,0.9,0.1,282,41,0.0,0.0,0.0,0,0,0,29.82,,,,,,,,,,
SCHU,2015-08-23 21:25:00 EDT,43.11700,-73.57829,103,69.8,70.7,69.8,95.3,68.3,0.000,0.000,0.00,0.000,0.0,0.0,0.0,0,0,0.5,0.9,0.2,119,64,0.0,0.0,0.0,0,0,0,29.82,,,,,,,,,,
SCHU,2015-08-23 21:30:00 EDT,43.11700,-73.57829,103,69.2,70.3,69.2,95.6,67.8,0.000,0.000,0.00,0.000,0.0,0.0,0.0,0,0,0.7,1.1,0.3,118,17,0.0,0.0,0.0,0,0,0,29.82,,,,,,,,,,
SCHU,2015-08-23 21:35:00 EDT,43.11700,-73.57829,103,68.9,70.2,68.9,95.8,67.6,0.000,0.000,0.00,0.000,0.0,0.0,0.0,0,0,1.0,1.8,0.3,120,15,0.0,0.0,0.0,0,0,0,29.82,,,,,,,,,,
SCHU,2015-08-23 21:40:00 EDT,43.11700,-73.57829,103,68.9,69.9,68.9,94.9,67.4,0.000,0.000,0.00,0.000,0.0,0.0,0.0,0,0,0.4,1.3,0.2,117,41,0.0,0.0,0.0,0,0,0,29.82,,,,,,,,,,
SCHU,2015-08-23 21:45:00 EDT,43.11700,-73.57829,103,69.0,69.9,69.0,96.1,67.8,0.000,0.000,0.00,0.000,0.0,0.0,0.0,0,0,0.4,0.9,0.2,44,45,0.0,0.0,0.0,0,0,0,29.82,,,,,,,,,,
SCHU,2015-08-23 21:50:00 EDT,43.11700,-73.57829,103,68.7,70.0,68.7,96.2,67.6,0.000,0.000,0.00,0.000,0.0,0.7,0.1,67,0,0.5,1.1,0.2,317,38,0.0,0.7,0.1,67,0,0,29.82,,,,,,,,,,
SCHU,2015-08-23 21:55:00 EDT,43.11700,-73.57829,103,68.9,69.8,68.9,96.3,67.8,0.000,0.000,0.00,0.000,0.7,1.3,0.4,66,0,1.2,2.0,0.3,287,14,0.7,1.3,0.4,66,0,0,29.82,,,,,,,,,,
SCHU,2015-08-23 22:00:00 EDT,43.11700,-73.57829,103,69.0,69.6,69.0,96.4,67.9,0.000,0.000,0.00,0.000,0.2,0.8,0.3,66,0,0.7,1.1,0.3,289,30,0.2,0.8,0.3,66,0,0,29.82,,,,,,,,,,
SCHU,2015-08-23 22:05:00 EDT,43.11700,-73.57829,103,68.5,69.5,68.5,95.3,67.1,0.000,0.000,0.00,0.000,0.2,0.7,0.3,67,0,0.7,1.1,0.2,260,54,0.2,0.7,0.3,67,0,0,29.82,,,,,,,,,,
SCHU,2015-08-23 22:10:00 EDT,43.11700,-73.57829,103,68.6,69.5,68.6,95.4,67.2,0.000,0.000,0.00,0.000,0.4,0.8,0.3,67,0,0.7,1.1,0.3,238,30,0.4,0.8,0.3,67,0,0,29.82,,,,,,,,,,
SCHU,2015-08-23 22:15:00 EDT,43.11700,-73.57829,103,68.1,69.5,68.1,94.5,66.5,0.000,0.000,0.00,0.000,0.2,1.1,0.3,67,0,0.7,1.8,0.5,278,49,0.2,1.1,0.3,67,0,0,29.82,,,,,,,,,,
SCHU,2015-08-23 22:20:00 EDT,43.11700,-73.57829,103,67.8,69.4,67.8,95.7,66.6,0.000,0.000,0.00,0.000,0.3,1.0,0.4,66,0,0.9,1.8,0.3,298,26,0.3,1.0,0.4,66,0,0,29.82,,,,,,,,,,
SCHU,2015-08-23 22:25:00 EDT,43.11700,-73.57829,103,68.2,69.7,68.2,96.8,67.2,0.000,0.000,0.00,0.000,0.0,0.0,0.0,0,0,0.9,1.6,0.3,27,22,0.0,0.0,0.0,0,0,0,29.82,,,,,,,,,,
SCHU,2015-08-23 22:30:00 EDT,43.11700,-73.57829,103,67.8,69.5,67.8,96.5,66.8,0.000,0.000,0.00,0.000,0.0,0.0,0.0,0,0,0.7,1.3,0.3,40,44,0.0,0.0,0.0,0,0,0,29.82,,,,,,,,,,
SCHU,2015-08-23 22:35:00 EDT,43.11700,-73.57829,103,67.6,69.4,67.6,96.9,66.7,0.000,0.000,0.00,0.000,0.1,1.0,0.3,66,0,0.6,1.3,0.3,296,71,0.1,1.0,0.3,66,0,0,29.82,,,,,,,,,,
SCHU,2015-08-23 22:40:00 EDT,43.11700,-73.57829,103,67.6,69.3,67.6,97.2,66.7,0.000,0.000,0.00,0.000,0.0,0.0,0.0,0,0,0.5,1.1,0.2,350,47,0.0,0.0,0.0,0,0,0,29.82,,,,,,,,,,
SCHU,2015-08-23 22:45:00 EDT,43.11700,-73.57829,103,67.6,69.2,67.6,97.4,66.8,0.000,0.000,0.00,0.000,0.2,0.7,0.2,66,0,0.7,1.1,0.3,284,27,0.2,0.7,0.2,66,0,0,29.82,,,,,,,,,,
SCHU,2015-08-23 22:50:00 EDT,43.11700,-73.57829,103,67.7,69.0,67.7,97.6,67.0,0.000,0.000,0.00,0.000,0.1,0.5,0.2,66,0,0.6,0.9,0.2,281,20,0.1,0.5,0.2,66,0,0,29.82,,,,,,,,,,
SCHU,2015-08-23 22:55:00 EDT,43.11700,-73.57829,103,68.0,69.1,68.0,98.3,67.5,0.000,0.000,0.00,0.000,0.0,0.0,0.0,0,0,0.7,1.6,0.4,6,22,0.0,0.0,0.0,0,0,0,29.82,,,,,,,,,,
SCHU,2015-08-23 23:00:00 EDT,43.11700,-73.57829,103,67.3,68.9,67.3,97.8,66.7,0.000,0.000,0.00,0.000,0.0,0.0,0.0,0,0,0.6,0.9,0.2,3,38,0.0,0.0,0.0,0,0,0,29.82,,,,,,,,,,
SCHU,2015-08-23 23:05:00 EDT,43.11700,-73.57829,103,67.7,68.8,67.7,98.0,67.2,0.000,0.000,0.00,0.000,0.0,0.0,0.0,0,0,0.7,1.1,0.2,322,27,0.0,0.0,0.0,0,0,0,29.82,,,,,,,,,,
SCHU,2015-08-23 23:10:00 EDT,43.11700,-73.57829,103,67.8,68.9,67.8,98.4,67.3,0.000,0.000,0.00,0.000,0.0,0.4,0.1,66,0,0.9,1.3,0.2,328,31,0.0,0.4,0.1,66,0,0,29.81,,,,,,,,,,
SCHU,2015-08-23 23:15:00 EDT,43.11700,-73.57829,103,67.4,68.6,67.4,98.0,66.8,0.000,0.000,0.00,0.000,0.0,0.0,0.0,0,0,0.5,0.9,0.2,298,24,0.0,0.0,0.0,0,0,0,29.81,,,,,,,,,,
SCHU,2015-08-23 23:20:00 EDT,43.11700,-73.57829,103,67.4,68.7,67.4,98.0,66.9,0.000,0.000,0.00,0.000,0.0,0.5,0.1,66,0,0.5,1.1,0.2,277,26,0.0,0.5,0.1,66,0,0,29.81,,,,,,,,,,
SCHU,2015-08-23 23:25:00 EDT,43.11700,-73.57829,103,67.2,68.4,67.2,98.0,66.6,0.000,0.000,0.00,0.000,0.1,0.5,0.2,67,0,0.6,0.9,0.2,191,41,0.1,0.5,0.2,67,0,0,29.82,,,,,,,,,,
SCHU,2015-08-23 23:30:00 EDT,43.11700,-73.57829,103,67.1,68.6,67.1,98.2,66.6,0.000,0.000,0.00,0.000,0.0,0.0,0.0,0,0,1.0,1.6,0.3,142,13,0.0,0.0,0.0,0,0,0,29.82,,,,,,,,,,
SCHU,2015-08-23 23:35:00 EDT,43.11700,-73.57829,103,66.7,68.6,66.7,98.3,66.2,0.000,0.000,0.00,0.000,0.1,0.6,0.2,67,0,1.2,2.2,0.4,123,19,0.1,0.6,0.2,67,0,0,29.82,,,,,,,,,,
SCHU,2015-08-23 23:40:00 EDT,43.11700,-73.57829,103,66.9,68.6,66.9,98.4,66.5,0.000,0.000,0.00,0.000,0.0,0.0,0.0,0,0,0.6,1.3,0.2,117,46,0.0,0.0,0.0,0,0,0,29.81,,,,,,,,,,
SCHU,2015-08-23 23:45:00 EDT,43.11700,-73.57829,103,67.1,69.3,67.1,98.3,66.6,0.000,0.000,0.00,0.000,0.7,3.1,0.8,135,22,1.5,4.0,0.7,134,29,0.7,3.1,0.8,135,22,0,29.82,,,,,,,,,,
SCHU,2015-08-23 23:50:00 EDT,43.11700,-73.57829,103,67.4,69.5,67.4,98.3,66.8,0.000,0.000,0.00,0.000,0.7,2.5,0.7,114,18,1.4,2.9,0.6,111,21,0.7,2.5,0.7,114,18,0,29.82,,,,,,,,,,
SCHU,2015-08-23 23:55:00 EDT,43.11700,-73.57829,103,67.4,69.6,67.4,98.6,67.0,0.000,0.000,0.00,0.000,0.5,1.8,0.5,174,14,1.1,2.2,0.4,152,20,0.5,1.8,0.5,174,14,0,29.82,,,,,,,,,,
