"Time Stamp","Time Zone","Name","PTID","Load"
"08/16/2003 11:51:44","EDT","CAPITL",61757,1554
"08/16/2003 11:51:44","EDT","CENTRL",61754,2148
"08/16/2003 11:51:44","EDT","DUNWOD",61760,-88
"08/16/2003 11:51:44","EDT","GENESE",61753,1399
"08/16/2003 11:51:44","EDT","HUD VL",61758,1673
"08/16/2003 11:51:44","EDT","MHK VL",61756,952
"08/16/2003 11:51:44","EDT","MILLWD",61759,1484
"08/16/2003 11:51:44","EDT","N.Y.C._LONGIL",,11709
"08/16/2003 11:51:44","EDT","NORTH",61755,633
"08/16/2003 11:51:44","EDT","WEST",61752,1893
"08/16/2003 11:55:01","EDT","CAPITL",61757,1563
"08/16/2003 11:55:01","EDT","CENTRL",61754,2160
"08/16/2003 11:55:01","EDT","DUNWOD",61760,-91
"08/16/2003 11:55:01","EDT","GENESE",61753,1400
"08/16/2003 11:55:01","EDT","HUD VL",61758,1670
"08/16/2003 11:55:01","EDT","MHK VL",61756,947
"08/16/2003 11:55:01","EDT","MILLWD",61759,1496
"08/16/2003 11:55:01","EDT","N.Y.C._LONGIL",,11728
"08/16/2003 11:55:01","EDT","NORTH",61755,643
"08/16/2003 11:55:01","EDT","WEST",61752,1903
"08/16/2003 12:00:00","EDT","CAPITL",61757,1565
"08/16/2003 12:00:00","EDT","CENTRL",61754,2150
"08/16/2003 12:00:00","EDT","DUNWOD",61760,-102
"08/16/2003 12:00:00","EDT","GENESE",61753,1398
"08/16/2003 12:00:00","EDT","HUD VL",61758,1670
"08/16/2003 12:00:00","EDT","MHK VL",61756,953
"08/16/2003 12:00:00","EDT","MILLWD",61759,1495
"08/16/2003 12:00:00","EDT","N.Y.C._LONGIL",,11742
"08/16/2003 12:00:00","EDT","NORTH",61755,629
"08/16/2003 12:00:00","EDT","WEST",61752,1897
"08/16/2003 12:00:01","EDT","CAPITL",61757,1562
"08/16/2003 12:00:01","EDT","CENTRL",61754,2148
"08/16/2003 12:00:01","EDT","DUNWOD",61760,-86
"08/16/2003 12:00:01","EDT","GENESE",61753,1402
"08/16/2003 12:00:01","EDT","HUD VL",61758,1672
"08/16/2003 12:00:01","EDT","MHK VL",61756,952
"08/16/2003 12:00:01","EDT","MILLWD",61759,1486
"08/16/2003 12:00:01","EDT","N.Y.C._LONGIL",,11716
"08/16/2003 12:00:01","EDT","NORTH",61755,638
"08/16/2003 12:00:01","EDT","WEST",61752,1901
"08/16/2003 12:00:37","EDT","CAPITL",61757,1574
"08/16/2003 12:00:37","EDT","CENTRL",61754,2166
"08/16/2003 12:00:37","EDT","DUNWOD",61760,-86
"08/16/2003 12:00:37","EDT","GENESE",61753,1400
"08/16/2003 12:00:37","EDT","HUD VL",61758,1675
"08/16/2003 12:00:37","EDT","MHK VL",61756,957
"08/16/2003 12:00:37","EDT","MILLWD",61759,1501
"08/16/2003 12:00:37","EDT","N.Y.C._LONGIL",,11726
"08/16/2003 12:00:37","EDT","NORTH",61755,625
"08/16/2003 12:00:37","EDT","WEST",61752,1883
"08/16/2003 12:05:38","EDT","CAPITL",61757,1558
"08/16/2003 12:05:38","EDT","CENTRL",61754,2167
"08/16/2003 12:05:38","EDT","DUNWOD",61760,-86
"08/16/2003 12:05:38","EDT","GENESE",61753,1394
"08/16/2003 12:05:38","EDT","HUD VL",61758,1687
"08/16/2003 12:05:38","EDT","MHK VL",61756,954
"08/16/2003 12:05:38","EDT","MILLWD",61759,1501
"08/16/2003 12:05:38","EDT","N.Y.C._LONGIL",,11738
"08/16/2003 12:05:38","EDT","NORTH",61755,618
"08/16/2003 12:05:38","EDT","WEST",61752,1879
"08/16/2003 12:05:49","EDT","CAPITL",61757,1566
"08/16/2003 12:05:49","EDT","CENTRL",61754,2161
"08/16/2003 12:05:49","EDT","DUNWOD",61760,-80
"08/16/2003 12:05:49","EDT","GENESE",61753,1397
"08/16/2003 12:05:49","EDT","HUD VL",61758,1673
"08/16/2003 12:05:49","EDT","MHK VL",61756,944
"08/16/2003 12:05:49","EDT","MILLWD",61759,1504
"08/16/2003 12:05:49","EDT","N.Y.C._LONGIL",,11757
"08/16/2003 12:05:49","EDT","NORTH",61755,634
"08/16/2003 12:05:49","EDT","WEST",61752,1901
"08/16/2003 12:10:49","EDT","CAPITL",61757,1561
"08/16/2003 12:10:49","EDT","CENTRL",61754,2166
"08/16/2003 12:10:49","EDT","DUNWOD",61760,-82
"08/16/2003 12:10:49","EDT","GENESE",61753,1397
"08/16/2003 12:10:49","EDT","HUD VL",61758,1677
"08/16/2003 12:10:49","EDT","MHK VL",61756,935
"08/16/2003 12:10:49","EDT","MILLWD",61759,1501
"08/16/2003 12:10:49","EDT","N.Y.C._LONGIL",,11797
"08/16/2003 12:10:49","EDT","NORTH",61755,638
"08/16/2003 12:10:49","EDT","WEST",61752,1901
"08/16/2003 12:15:37","EDT","CAPITL",61757,1566
"08/16/2003 12:15:37","EDT","CENTRL",61754,2152
"08/16/2003 12:15:37","EDT","DUNWOD",61760,-77
"08/16/2003 12:15:37","EDT","GENESE",61753,1394
"08/16/2003 12:15:37","EDT","HUD VL",61758,1677
"08/16/2003 12:15:37","EDT","MHK VL",61756,947
"08/16/2003 12:15:37","EDT","MILLWD",61759,1501
"08/16/2003 12:15:37","EDT","N.Y.C._LONGIL",,11798
"08/16/2003 12:15:37","EDT","NORTH",61755,620
"08/16/2003 12:15:37","EDT","WEST",61752,1878
"08/16/2003 12:16:44","EDT","CAPITL",61757,1562
"08/16/2003 12:16:44","EDT","CENTRL",61754,2149
"08/16/2003 12:16:44","EDT","DUNWOD",61760,-68
"08/16/2003 12:16:44","EDT","GENESE",61753,1393
"08/16/2003 12:16:44","EDT","HUD VL",61758,1700
"08/16/2003 12:16:44","EDT","MHK VL",61756,937
"08/16/2003 12:16:44","EDT","MILLWD",61759,1498
"08/16/2003 12:16:44","EDT","N.Y.C._LONGIL",,11814
"08/16/2003 12:16:44","EDT","NORTH",61755,632
"08/16/2003 12:16:44","EDT","WEST",61752,1898
"08/16/2003 12:21:43","EDT","CAPITL",61757,1577
"08/16/2003 12:21:43","EDT","CENTRL",61754,2145
"08/16/2003 12:21:43","EDT","DUNWOD",61760,-66
"08/16/2003 12:21:43","EDT","GENESE",61753,1396
"08/16/2003 12:21:43","EDT","HUD VL",61758,1700
"08/16/2003 12:21:43","EDT","MHK VL",61756,954
"08/16/2003 12:21:43","EDT","MILLWD",61759,1498
"08/16/2003 12:21:43","EDT","N.Y.C._LONGIL",,11829
"08/16/2003 12:21:43","EDT","NORTH",61755,631
"08/16/2003 12:21:43","EDT","WEST",61752,1896
"08/16/2003 12:26:43","EDT","CAPITL",61757,1576
"08/16/2003 12:26:43","EDT","CENTRL",61754,2139
"08/16/2003 12:26:43","EDT","DUNWOD",61760,-82
"08/16/2003 12:26:43","EDT","GENESE",61753,1394
"08/16/2003 12:26:43","EDT","HUD VL",61758,1691
"08/16/2003 12:26:43","EDT","MHK VL",61756,954
"08/16/2003 12:26:43","EDT","MILLWD",61759,1514
"08/16/2003 12:26:43","EDT","N.Y.C._LONGIL",,11852
"08/16/2003 12:26:43","EDT","NORTH",61755,631
"08/16/2003 12:26:43","EDT","WEST",61752,1880
"08/16/2003 12:29:43","EDT","CAPITL",61757,1569
"08/16/2003 12:29:43","EDT","CENTRL",61754,2145
"08/16/2003 12:29:43","EDT","DUNWOD",61760,-73
"08/16/2003 12:29:43","EDT","GENESE",61753,1394
"08/16/2003 12:29:43","EDT","HUD VL",61758,1688
"08/16/2003 12:29:43","EDT","MHK VL",61756,952
"08/16/2003 12:29:43","EDT","MILLWD",61759,1524
"08/16/2003 12:29:43","EDT","N.Y.C._LONGIL",,11851
"08/16/2003 12:29:43","EDT","NORTH",61755,634
"08/16/2003 12:29:43","EDT","WEST",61752,1879
"08/16/2003 12:30:08","EDT","CAPITL",61757,1553
"08/16/2003 12:30:08","EDT","CENTRL",61754,2141
"08/16/2003 12:30:08","EDT","DUNWOD",61760,-82
"08/16/2003 12:30:08","EDT","GENESE",61753,1395
"08/16/2003 12:30:08","EDT","HUD VL",61758,1709
"08/16/2003 12:30:08","EDT","MHK VL",61756,940
"08/16/2003 12:30:08","EDT","MILLWD",61759,1519
"08/16/2003 12:30:08","EDT","N.Y.C._LONGIL",,11870
"08/16/2003 12:30:08","EDT","NORTH",61755,639
"08/16/2003 12:30:08","EDT","WEST",61752,1877
"08/16/2003 12:31:38","EDT","CAPITL",61757,1564
"08/16/2003 12:31:38","EDT","CENTRL",61754,2133
"08/16/2003 12:31:38","EDT","DUNWOD",61760,-98
"08/16/2003 12:31:38","EDT","GENESE",61753,1395
"08/16/2003 12:31:38","EDT","HUD VL",61758,1723
"08/16/2003 12:31:38","EDT","MHK VL",61756,934
"08/16/2003 12:31:38","EDT","MILLWD",61759,1506
"08/16/2003 12:31:38","EDT","N.Y.C._LONGIL",,11872
"08/16/2003 12:31:38","EDT","NORTH",61755,631
"08/16/2003 12:31:38","EDT","WEST",61752,1867
"08/16/2003 12:32:25","EDT","CAPITL",61757,1555
"08/16/2003 12:32:25","EDT","CENTRL",61754,2149
"08/16/2003 12:32:25","EDT","DUNWOD",61760,-83
"08/16/2003 12:32:25","EDT","GENESE",61753,1394
"08/16/2003 12:32:25","EDT","HUD VL",61758,1724
"08/16/2003 12:32:25","EDT","MHK VL",61756,933
"08/16/2003 12:32:25","EDT","MILLWD",61759,1519
"08/16/2003 12:32:25","EDT","N.Y.C._LONGIL",,11916
"08/16/2003 12:32:25","EDT","NORTH",61755,633
"08/16/2003 12:32:25","EDT","WEST",61752,1878
"08/16/2003 12:37:25","EDT","CAPITL",61757,1561
"08/16/2003 12:37:25","EDT","CENTRL",61754,2141
"08/16/2003 12:37:25","EDT","DUNWOD",61760,-87
"08/16/2003 12:37:25","EDT","GENESE",61753,1393
"08/16/2003 12:37:25","EDT","HUD VL",61758,1729
"08/16/2003 12:37:25","EDT","MHK VL",61756,935
"08/16/2003 12:37:25","EDT","MILLWD",61759,1533
"08/16/2003 12:37:25","EDT","N.Y.C._LONGIL",,11952
"08/16/2003 12:37:25","EDT","NORTH",61755,625
"08/16/2003 12:37:25","EDT","WEST",61752,1862
"08/16/2003 12:42:25","EDT","CAPITL",61757,1582
"08/16/2003 12:42:25","EDT","CENTRL",61754,2125
"08/16/2003 12:42:25","EDT","DUNWOD",61760,-83
"08/16/2003 12:42:25","EDT","GENESE",61753,1392
"08/16/2003 12:42:25","EDT","HUD VL",61758,1695
"08/16/2003 12:42:25","EDT","MHK VL",61756,932
"08/16/2003 12:42:25","EDT","MILLWD",61759,1546
"08/16/2003 12:42:25","EDT","N.Y.C._LONGIL",,11938
"08/16/2003 12:42:25","EDT","NORTH",61755,637
"08/16/2003 12:42:25","EDT","WEST",61752,1893
"08/16/2003 12:47:25","EDT","CAPITL",61757,1560
"08/16/2003 12:47:25","EDT","CENTRL",61754,2137
"08/16/2003 12:47:25","EDT","DUNWOD",61760,-96
"08/16/2003 12:47:25","EDT","GENESE",61753,1383
"08/16/2003 12:47:25","EDT","HUD VL",61758,1743
"08/16/2003 12:47:25","EDT","MHK VL",61756,930
"08/16/2003 12:47:25","EDT","MILLWD",61759,1534
"08/16/2003 12:47:25","EDT","N.Y.C._LONGIL",,11996
"08/16/2003 12:47:25","EDT","NORTH",61755,636
"08/16/2003 12:47:25","EDT","WEST",61752,1873
"08/16/2003 12:52:26","EDT","CAPITL",61757,1574
"08/16/2003 12:52:26","EDT","CENTRL",61754,2119
"08/16/2003 12:52:26","EDT","DUNWOD",61760,-89
"08/16/2003 12:52:26","EDT","GENESE",61753,1390
"08/16/2003 12:52:26","EDT","HUD VL",61758,1728
"08/16/2003 12:52:26","EDT","MHK VL",61756,936
"08/16/2003 12:52:26","EDT","MILLWD",61759,1540
"08/16/2003 12:52:26","EDT","N.Y.C._LONGIL",,11986
"08/16/2003 12:52:26","EDT","NORTH",61755,601
"08/16/2003 12:52:26","EDT","WEST",61752,1879
"08/16/2003 12:55:01","EDT","CAPITL",61757,1565
"08/16/2003 12:55:01","EDT","CENTRL",61754,2125
"08/16/2003 12:55:01","EDT","DUNWOD",61760,-98
"08/16/2003 12:55:01","EDT","GENESE",61753,1394
"08/16/2003 12:55:01","EDT","HUD VL",61758,1731
"08/16/2003 12:55:01","EDT","MHK VL",61756,939
"08/16/2003 12:55:01","EDT","MILLWD",61759,1543
"08/16/2003 12:55:01","EDT","N.Y.C._LONGIL",,11994
"08/16/2003 12:55:01","EDT","NORTH",61755,600
"08/16/2003 12:55:01","EDT","WEST",61752,1874
"08/16/2003 12:55:20","EDT","CAPITL",61757,1575
"08/16/2003 12:55:20","EDT","CENTRL",61754,2103
"08/16/2003 12:55:20","EDT","DUNWOD",61760,-92
"08/16/2003 12:55:20","EDT","GENESE",61753,1390
"08/16/2003 12:55:20","EDT","HUD VL",61758,1731
"08/16/2003 12:55:20","EDT","MHK VL",61756,933
"08/16/2003 12:55:20","EDT","MILLWD",61759,1538
"08/16/2003 12:55:20","EDT","N.Y.C._LONGIL",,11992
"08/16/2003 12:55:20","EDT","NORTH",61755,600
"08/16/2003 12:55:20","EDT","WEST",61752,1880
"08/16/2003 13:00:00","EDT","CAPITL",61757,1569
"08/16/2003 13:00:00","EDT","CENTRL",61754,2113
"08/16/2003 13:00:00","EDT","DUNWOD",61760,-83
"08/16/2003 13:00:00","EDT","GENESE",61753,1388
"08/16/2003 13:00:00","EDT","HUD VL",61758,1749
"08/16/2003 13:00:00","EDT","MHK VL",61756,941
"08/16/2003 13:00:00","EDT","MILLWD",61759,1531
"08/16/2003 13:00:00","EDT","N.Y.C._LONGIL",,12004
"08/16/2003 13:00:00","EDT","NORTH",61755,582
"08/16/2003 13:00:00","EDT","WEST",61752,1869
"08/16/2003 13:00:20","EDT","CAPITL",61757,1573
"08/16/2003 13:00:20","EDT","CENTRL",61754,2103
"08/16/2003 13:00:20","EDT","DUNWOD",61760,-83
"08/16/2003 13:00:20","EDT","GENESE",61753,1389
"08/16/2003 13:00:20","EDT","HUD VL",61758,1713
"08/16/2003 13:00:20","EDT","MHK VL",61756,926
"08/16/2003 13:00:20","EDT","MILLWD",61759,1541
"08/16/2003 13:00:20","EDT","N.Y.C._LONGIL",,12009
"08/16/2003 13:00:20","EDT","NORTH",61755,583
"08/16/2003 13:00:20","EDT","WEST",61752,1859
"08/16/2003 13:05:44","EDT","CAPITL",61757,1567
"08/16/2003 13:05:44","EDT","CENTRL",61754,2088
"08/16/2003 13:05:44","EDT","DUNWOD",61760,-83
"08/16/2003 13:05:44","EDT","GENESE",61753,1388
"08/16/2003 13:05:44","EDT","HUD VL",61758,1725
"08/16/2003 13:05:44","EDT","MHK VL",61756,934
"08/16/2003 13:05:44","EDT","MILLWD",61759,1534
"08/16/2003 13:05:44","EDT","N.Y.C._LONGIL",,12020
"08/16/2003 13:05:44","EDT","NORTH",61755,591
"08/16/2003 13:05:44","EDT","WEST",61752,1876
"08/16/2003 13:10:44","EDT","CAPITL",61757,1558
"08/16/2003 13:10:44","EDT","CENTRL",61754,2100
"08/16/2003 13:10:44","EDT","DUNWOD",61760,-73
"08/16/2003 13:10:44","EDT","GENESE",61753,1388
"08/16/2003 13:10:44","EDT","HUD VL",61758,1729
"08/16/2003 13:10:44","EDT","MHK VL",61756,931
"08/16/2003 13:10:44","EDT","MILLWD",61759,1550
"08/16/2003 13:10:44","EDT","N.Y.C._LONGIL",,12046
"08/16/2003 13:10:44","EDT","NORTH",61755,589
"08/16/2003 13:10:44","EDT","WEST",61752,1875
"08/16/2003 13:13:55","EDT","CAPITL",61757,1567
"08/16/2003 13:13:55","EDT","CENTRL",61754,2111
"08/16/2003 13:13:55","EDT","DUNWOD",61760,-73
"08/16/2003 13:13:55","EDT","GENESE",61753,1383
"08/16/2003 13:13:55","EDT","HUD VL",61758,1747
"08/16/2003 13:13:55","EDT","MHK VL",61756,922
"08/16/2003 13:13:55","EDT","MILLWD",61759,1538
"08/16/2003 13:13:55","EDT","N.Y.C._LONGIL",,12034
"08/16/2003 13:13:55","EDT","NORTH",61755,599
"08/16/2003 13:13:55","EDT","WEST",61752,1889
"08/16/2003 13:16:25","EDT","CAPITL",61757,1574
"08/16/2003 13:16:25","EDT","CENTRL",61754,2112
"08/16/2003 13:16:25","EDT","DUNWOD",61760,-82
"08/16/2003 13:16:25","EDT","GENESE",61753,1390
"08/16/2003 13:16:25","EDT","HUD VL",61758,1733
"08/16/2003 13:16:25","EDT","MHK VL",61756,924
"08/16/2003 13:16:25","EDT","MILLWD",61759,1548
"08/16/2003 13:16:25","EDT","N.Y.C._LONGIL",,12041
"08/16/2003 13:16:25","EDT","NORTH",61755,594
"08/16/2003 13:16:25","EDT","WEST",61752,1877
"08/16/2003 13:19:49","EDT","CAPITL",61757,1567
"08/16/2003 13:19:49","EDT","CENTRL",61754,2105
"08/16/2003 13:19:49","EDT","DUNWOD",61760,-82
"08/16/2003 13:19:49","EDT","GENESE",61753,1387
"08/16/2003 13:19:49","EDT","HUD VL",61758,1732
"08/16/2003 13:19:49","EDT","MHK VL",61756,929
"08/16/2003 13:19:49","EDT","MILLWD",61759,1551
"08/16/2003 13:19:49","EDT","N.Y.C._LONGIL",,12048
"08/16/2003 13:19:49","EDT","NORTH",61755,596
"08/16/2003 13:19:49","EDT","WEST",61752,1879
"08/16/2003 13:20:07","EDT","CAPITL",61757,1563
"08/16/2003 13:20:07","EDT","CENTRL",61754,2109
"08/16/2003 13:20:07","EDT","DUNWOD",61760,-88
"08/16/2003 13:20:07","EDT","GENESE",61753,1398
"08/16/2003 13:20:07","EDT","HUD VL",61758,1737
"08/16/2003 13:20:07","EDT","MHK VL",61756,912
"08/16/2003 13:20:07","EDT","MILLWD",61759,1545
"08/16/2003 13:20:07","EDT","N.Y.C._LONGIL",,12067
"08/16/2003 13:20:07","EDT","NORTH",61755,614
"08/16/2003 13:20:07","EDT","WEST",61752,1890
"08/16/2003 13:22:37","EDT","CAPITL",61757,1575
"08/16/2003 13:22:37","EDT","CENTRL",61754,2110
"08/16/2003 13:22:37","EDT","DUNWOD",61760,-76
"08/16/2003 13:22:37","EDT","GENESE",61753,1381
"08/16/2003 13:22:37","EDT","HUD VL",61758,1753
"08/16/2003 13:22:37","EDT","MHK VL",61756,911
"08/16/2003 13:22:37","EDT","MILLWD",61759,1546
"08/16/2003 13:22:37","EDT","N.Y.C._LONGIL",,12106
"08/16/2003 13:22:37","EDT","NORTH",61755,586
"08/16/2003 13:22:37","EDT","WEST",61752,1884
"08/16/2003 13:33:07","EDT","CAPITL",61757,1576
"08/16/2003 13:33:07","EDT","CENTRL",61754,2106
"08/16/2003 13:33:07","EDT","DUNWOD",61760,-73
"08/16/2003 13:33:07","EDT","GENESE",61753,1386
"08/16/2003 13:33:07","EDT","HUD VL",61758,1722
"08/16/2003 13:33:07","EDT","MHK VL",61756,914
"08/16/2003 13:33:07","EDT","MILLWD",61759,1550
"08/16/2003 13:33:07","EDT","N.Y.C._LONGIL",,12072
"08/16/2003 13:33:07","EDT","NORTH",61755,591
"08/16/2003 13:33:07","EDT","WEST",61752,1870
"08/16/2003 13:37:49","EDT","CAPITL",61757,1561
"08/16/2003 13:37:49","EDT","CENTRL",61754,2096
"08/16/2003 13:37:49","EDT","DUNWOD",61760,-70
"08/16/2003 13:37:49","EDT","GENESE",61753,1380
"08/16/2003 13:37:49","EDT","HUD VL",61758,1727
"08/16/2003 13:37:49","EDT","MHK VL",61756,913
"08/16/2003 13:37:49","EDT","MILLWD",61759,1548
"08/16/2003 13:37:49","EDT","N.Y.C._LONGIL",,12074
"08/16/2003 13:37:49","EDT","NORTH",61755,586
"08/16/2003 13:37:49","EDT","WEST",61752,1882
"08/16/2003 13:39:07","EDT","CAPITL",61757,1549
"08/16/2003 13:39:07","EDT","CENTRL",61754,2109
"08/16/2003 13:39:07","EDT","DUNWOD",61760,-74
"08/16/2003 13:39:07","EDT","GENESE",61753,1388
"08/16/2003 13:39:07","EDT","HUD VL",61758,1741
"08/16/2003 13:39:07","EDT","MHK VL",61756,899
"08/16/2003 13:39:07","EDT","MILLWD",61759,1556
"08/16/2003 13:39:07","EDT","N.Y.C._LONGIL",,12104
"08/16/2003 13:39:07","EDT","NORTH",61755,588
"08/16/2003 13:39:07","EDT","WEST",61752,1847
"08/16/2003 13:44:07","EDT","CAPITL",61757,1577
"08/16/2003 13:44:07","EDT","CENTRL",61754,2091
"08/16/2003 13:44:07","EDT","DUNWOD",61760,-91
"08/16/2003 13:44:07","EDT","GENESE",61753,1380
"08/16/2003 13:44:07","EDT","HUD VL",61758,1731
"08/16/2003 13:44:07","EDT","MHK VL",61756,906
"08/16/2003 13:44:07","EDT","MILLWD",61759,1550
"08/16/2003 13:44:07","EDT","N.Y.C._LONGIL",,12114
"08/16/2003 13:44:07","EDT","NORTH",61755,584
"08/16/2003 13:44:07","EDT","WEST",61752,1853
"08/16/2003 13:45:37","EDT","CAPITL",61757,1576
"08/16/2003 13:45:37","EDT","CENTRL",61754,2065
"08/16/2003 13:45:37","EDT","DUNWOD",61760,-66
"08/16/2003 13:45:37","EDT","GENESE",61753,1374
"08/16/2003 13:45:37","EDT","HUD VL",61758,1733
"08/16/2003 13:45:37","EDT","MHK VL",61756,926
"08/16/2003 13:45:37","EDT","MILLWD",61759,1545
"08/16/2003 13:45:37","EDT","N.Y.C._LONGIL",,12076
"08/16/2003 13:45:37","EDT","NORTH",61755,573
"08/16/2003 13:45:37","EDT","WEST",61752,1864
"08/16/2003 13:50:38","EDT","CAPITL",61757,1553
"08/16/2003 13:50:38","EDT","CENTRL",61754,2086
"08/16/2003 13:50:38","EDT","DUNWOD",61760,-68
"08/16/2003 13:50:38","EDT","GENESE",61753,1378
"08/16/2003 13:50:38","EDT","HUD VL",61758,1737
"08/16/2003 13:50:38","EDT","MHK VL",61756,901
"08/16/2003 13:50:38","EDT","MILLWD",61759,1548
"08/16/2003 13:50:38","EDT","N.Y.C._LONGIL",,12120
"08/16/2003 13:50:38","EDT","NORTH",61755,590
"08/16/2003 13:50:38","EDT","WEST",61752,1872
"08/16/2003 13:55:07","EDT","CAPITL",61757,1561
"08/16/2003 13:55:07","EDT","CENTRL",61754,2069
"08/16/2003 13:55:07","EDT","DUNWOD",61760,-57
"08/16/2003 13:55:07","EDT","GENESE",61753,1376
"08/16/2003 13:55:07","EDT","HUD VL",61758,1738
"08/16/2003 13:55:07","EDT","MHK VL",61756,910
"08/16/2003 13:55:07","EDT","MILLWD",61759,1530
"08/16/2003 13:55:07","EDT","N.Y.C._LONGIL",,12089
"08/16/2003 13:55:07","EDT","NORTH",61755,617
"08/16/2003 13:55:07","EDT","WEST",61752,1876
"08/16/2003 14:00:00","EDT","CAPITL",61757,1562
"08/16/2003 14:00:00","EDT","CENTRL",61754,2059
"08/16/2003 14:00:00","EDT","DUNWOD",61760,-56
"08/16/2003 14:00:00","EDT","GENESE",61753,1381
"08/16/2003 14:00:00","EDT","HUD VL",61758,1736
"08/16/2003 14:00:00","EDT","MHK VL",61756,919
"08/16/2003 14:00:00","EDT","MILLWD",61759,1542
"08/16/2003 14:00:00","EDT","N.Y.C._LONGIL",,12103
"08/16/2003 14:00:00","EDT","NORTH",61755,617
"08/16/2003 14:00:00","EDT","WEST",61752,1870
"08/16/2003 14:00:37","EDT","CAPITL",61757,1553
"08/16/2003 14:00:37","EDT","CENTRL",61754,2063
"08/16/2003 14:00:37","EDT","DUNWOD",61760,-60
"08/16/2003 14:00:37","EDT","GENESE",61753,1380
"08/16/2003 14:00:37","EDT","HUD VL",61758,1733
"08/16/2003 14:00:37","EDT","MHK VL",61756,915
"08/16/2003 14:00:37","EDT","MILLWD",61759,1538
"08/16/2003 14:00:37","EDT","N.Y.C._LONGIL",,12111
"08/16/2003 14:00:37","EDT","NORTH",61755,618
"08/16/2003 14:00:37","EDT","WEST",61752,1874
"08/16/2003 14:05:07","EDT","CAPITL",61757,1563
"08/16/2003 14:05:07","EDT","CENTRL",61754,2064
"08/16/2003 14:05:07","EDT","DUNWOD",61760,-49
"08/16/2003 14:05:07","EDT","GENESE",61753,1373
"08/16/2003 14:05:07","EDT","HUD VL",61758,1725
"08/16/2003 14:05:07","EDT","MHK VL",61756,907
"08/16/2003 14:05:07","EDT","MILLWD",61759,1538
"08/16/2003 14:05:07","EDT","N.Y.C._LONGIL",,12090
"08/16/2003 14:05:07","EDT","NORTH",61755,622
"08/16/2003 14:05:07","EDT","WEST",61752,1870
"08/16/2003 14:06:37","EDT","CAPITL",61757,1564
"08/16/2003 14:06:37","EDT","CENTRL",61754,2064
"08/16/2003 14:06:37","EDT","DUNWOD",61760,-39
"08/16/2003 14:06:37","EDT","GENESE",61753,1376
"08/16/2003 14:06:37","EDT","HUD VL",61758,1715
"08/16/2003 14:06:37","EDT","MHK VL",61756,899
"08/16/2003 14:06:37","EDT","MILLWD",61759,1542
"08/16/2003 14:06:37","EDT","N.Y.C._LONGIL",,12097
"08/16/2003 14:06:37","EDT","NORTH",61755,629
"08/16/2003 14:06:37","EDT","WEST",61752,1870
"08/16/2003 14:11:37","EDT","CAPITL",61757,1556
"08/16/2003 14:11:37","EDT","CENTRL",61754,2045
"08/16/2003 14:11:37","EDT","DUNWOD",61760,-54
"08/16/2003 14:11:37","EDT","GENESE",61753,1382
"08/16/2003 14:11:37","EDT","HUD VL",61758,1737
"08/16/2003 14:11:37","EDT","MHK VL",61756,894
"08/16/2003 14:11:37","EDT","MILLWD",61759,1536
"08/16/2003 14:11:37","EDT","N.Y.C._LONGIL",,12123
"08/16/2003 14:11:37","EDT","NORTH",61755,620
"08/16/2003 14:11:37","EDT","WEST",61752,1857
"08/16/2003 14:25:38","EDT","CAPITL",61757,1570
"08/16/2003 14:25:38","EDT","CENTRL",61754,2043
"08/16/2003 14:25:38","EDT","DUNWOD",61760,-27
"08/16/2003 14:25:38","EDT","GENESE",61753,1384
"08/16/2003 14:25:38","EDT","HUD VL",61758,1704
"08/16/2003 14:25:38","EDT","MHK VL",61756,897
"08/16/2003 14:25:38","EDT","MILLWD",61759,1532
"08/16/2003 14:25:38","EDT","N.Y.C._LONGIL",,12097
"08/16/2003 14:25:38","EDT","NORTH",61755,631
"08/16/2003 14:25:38","EDT","WEST",61752,1853
"08/16/2003 14:29:38","EDT","CAPITL",61757,1565
"08/16/2003 14:29:38","EDT","CENTRL",61754,2047
"08/16/2003 14:29:38","EDT","DUNWOD",61760,-13
"08/16/2003 14:29:38","EDT","GENESE",61753,1381
"08/16/2003 14:29:38","EDT","HUD VL",61758,1711
"08/16/2003 14:29:38","EDT","MHK VL",61756,894
"08/16/2003 14:29:38","EDT","MILLWD",61759,1506
"08/16/2003 14:29:38","EDT","N.Y.C._LONGIL",,12098
"08/16/2003 14:29:38","EDT","NORTH",61755,625
"08/16/2003 14:29:38","EDT","WEST",61752,1855
"08/16/2003 14:37:38","EDT","CAPITL",61757,1546
"08/16/2003 14:37:38","EDT","CENTRL",61754,2057
"08/16/2003 14:37:38","EDT","DUNWOD",61760,-1
"08/16/2003 14:37:38","EDT","GENESE",61753,1383
"08/16/2003 14:37:38","EDT","HUD VL",61758,1719
"08/16/2003 14:37:38","EDT","MHK VL",61756,868
"08/16/2003 14:37:38","EDT","MILLWD",61759,1485
"08/16/2003 14:37:38","EDT","N.Y.C._LONGIL",,12115
"08/16/2003 14:37:38","EDT","NORTH",61755,624
"08/16/2003 14:37:38","EDT","WEST",61752,1866
"08/16/2003 14:42:37","EDT","CAPITL",61757,1551
"08/16/2003 14:42:37","EDT","CENTRL",61754,2048
"08/16/2003 14:42:37","EDT","DUNWOD",61760,25
"08/16/2003 14:42:37","EDT","GENESE",61753,1378
"08/16/2003 14:42:37","EDT","HUD VL",61758,1709
"08/16/2003 14:42:37","EDT","MHK VL",61756,875
"08/16/2003 14:42:37","EDT","MILLWD",61759,1474
"08/16/2003 14:42:37","EDT","N.Y.C._LONGIL",,12062
"08/16/2003 14:42:37","EDT","NORTH",61755,621
"08/16/2003 14:42:37","EDT","WEST",61752,1859
"08/16/2003 14:47:37","EDT","CAPITL",61757,1551
"08/16/2003 14:47:37","EDT","CENTRL",61754,2043
"08/16/2003 14:47:37","EDT","DUNWOD",61760,26
"08/16/2003 14:47:37","EDT","GENESE",61753,1383
"08/16/2003 14:47:37","EDT","HUD VL",61758,1689
"08/16/2003 14:47:37","EDT","MHK VL",61756,862
"08/16/2003 14:47:37","EDT","MILLWD",61759,1462
"08/16/2003 14:47:37","EDT","N.Y.C._LONGIL",,12079
"08/16/2003 14:47:37","EDT","NORTH",61755,636
"08/16/2003 14:47:37","EDT","WEST",61752,1855
"08/16/2003 14:52:37","EDT","CAPITL",61757,1545
"08/16/2003 14:52:37","EDT","CENTRL",61754,2047
"08/16/2003 14:52:37","EDT","DUNWOD",61760,17
"08/16/2003 14:52:37","EDT","GENESE",61753,1379
"08/16/2003 14:52:37","EDT","HUD VL",61758,1691
"08/16/2003 14:52:37","EDT","MHK VL",61756,862
"08/16/2003 14:52:37","EDT","MILLWD",61759,1463
"08/16/2003 14:52:37","EDT","N.Y.C._LONGIL",,12068
"08/16/2003 14:52:37","EDT","NORTH",61755,632
"08/16/2003 14:52:37","EDT","WEST",61752,1853
"08/16/2003 14:55:07","EDT","CAPITL",61757,1524
"08/16/2003 14:55:07","EDT","CENTRL",61754,2032
"08/16/2003 14:55:07","EDT","DUNWOD",61760,14
"08/16/2003 14:55:07","EDT","GENESE",61753,1378
"08/16/2003 14:55:07","EDT","HUD VL",61758,1694
"08/16/2003 14:55:07","EDT","MHK VL",61756,867
"08/16/2003 14:55:07","EDT","MILLWD",61759,1465
"08/16/2003 14:55:07","EDT","N.Y.C._LONGIL",,12042
"08/16/2003 14:55:07","EDT","NORTH",61755,631
"08/16/2003 14:55:07","EDT","WEST",61752,1851
"08/16/2003 15:00:00","EDT","CAPITL",61757,1515
"08/16/2003 15:00:00","EDT","CENTRL",61754,2046
"08/16/2003 15:00:00","EDT","DUNWOD",61760,21
"08/16/2003 15:00:00","EDT","GENESE",61753,1381
"08/16/2003 15:00:00","EDT","HUD VL",61758,1706
"08/16/2003 15:00:00","EDT","MHK VL",61756,880
"08/16/2003 15:00:00","EDT","MILLWD",61759,1455
"08/16/2003 15:00:00","EDT","N.Y.C._LONGIL",,12037
"08/16/2003 15:00:00","EDT","NORTH",61755,618
"08/16/2003 15:00:00","EDT","WEST",61752,1850
"08/16/2003 15:00:37","EDT","CAPITL",61757,1516
"08/16/2003 15:00:37","EDT","CENTRL",61754,2036
"08/16/2003 15:00:37","EDT","DUNWOD",61760,28
"08/16/2003 15:00:37","EDT","GENESE",61753,1373
"08/16/2003 15:00:37","EDT","HUD VL",61758,1683
"08/16/2003 15:00:37","EDT","MHK VL",61756,874
"08/16/2003 15:00:37","EDT","MILLWD",61759,1452
"08/16/2003 15:00:37","EDT","N.Y.C._LONGIL",,12019
"08/16/2003 15:00:37","EDT","NORTH",61755,623
"08/16/2003 15:00:37","EDT","WEST",61752,1844
"08/16/2003 15:03:07","EDT","CAPITL",61757,1535
"08/16/2003 15:03:07","EDT","CENTRL",61754,2037
"08/16/2003 15:03:07","EDT","DUNWOD",61760,25
"08/16/2003 15:03:07","EDT","GENESE",61753,1384
"08/16/2003 15:03:07","EDT","HUD VL",61758,1683
"08/16/2003 15:03:07","EDT","MHK VL",61756,888
"08/16/2003 15:03:07","EDT","MILLWD",61759,1455
"08/16/2003 15:03:07","EDT","N.Y.C._LONGIL",,12022
"08/16/2003 15:03:07","EDT","NORTH",61755,610
"08/16/2003 15:03:07","EDT","WEST",61752,1839
"08/16/2003 15:06:08","EDT","CAPITL",61757,1512
"08/16/2003 15:06:08","EDT","CENTRL",61754,2041
"08/16/2003 15:06:08","EDT","DUNWOD",61760,30
"08/16/2003 15:06:08","EDT","GENESE",61753,1391
"08/16/2003 15:06:08","EDT","HUD VL",61758,1684
"08/16/2003 15:06:08","EDT","MHK VL",61756,874
"08/16/2003 15:06:08","EDT","MILLWD",61759,1446
"08/16/2003 15:06:08","EDT","N.Y.C._LONGIL",,12020
"08/16/2003 15:06:08","EDT","NORTH",61755,621
"08/16/2003 15:06:08","EDT","WEST",61752,1835
"08/16/2003 15:11:08","EDT","CAPITL",61757,1530
"08/16/2003 15:11:08","EDT","CENTRL",61754,2026
"08/16/2003 15:11:08","EDT","DUNWOD",61760,25
"08/16/2003 15:11:08","EDT","GENESE",61753,1387
"08/16/2003 15:11:08","EDT","HUD VL",61758,1679
"08/16/2003 15:11:08","EDT","MHK VL",61756,876
"08/16/2003 15:11:08","EDT","MILLWD",61759,1434
"08/16/2003 15:11:08","EDT","N.Y.C._LONGIL",,12001
"08/16/2003 15:11:08","EDT","NORTH",61755,626
"08/16/2003 15:11:08","EDT","WEST",61752,1835
"08/16/2003 15:12:38","EDT","CAPITL",61757,1503
"08/16/2003 15:12:38","EDT","CENTRL",61754,2036
"08/16/2003 15:12:38","EDT","DUNWOD",61760,13
"08/16/2003 15:12:38","EDT","GENESE",61753,1388
"08/16/2003 15:12:38","EDT","HUD VL",61758,1670
"08/16/2003 15:12:38","EDT","MHK VL",61756,862
"08/16/2003 15:12:38","EDT","MILLWD",61759,1448
"08/16/2003 15:12:38","EDT","N.Y.C._LONGIL",,11986
"08/16/2003 15:12:38","EDT","NORTH",61755,634
"08/16/2003 15:12:38","EDT","WEST",61752,1837
"08/16/2003 15:17:38","EDT","CAPITL",61757,1518
"08/16/2003 15:17:38","EDT","CENTRL",61754,2052
"08/16/2003 15:17:38","EDT","DUNWOD",61760,13
"08/16/2003 15:17:38","EDT","GENESE",61753,1392
"08/16/2003 15:17:38","EDT","HUD VL",61758,1664
"08/16/2003 15:17:38","EDT","MHK VL",61756,882
"08/16/2003 15:17:38","EDT","MILLWD",61759,1459
"08/16/2003 15:17:38","EDT","N.Y.C._LONGIL",,11999
"08/16/2003 15:17:38","EDT","NORTH",61755,619
"08/16/2003 15:17:38","EDT","WEST",61752,1817
"08/16/2003 15:22:37","EDT","CAPITL",61757,1512
"08/16/2003 15:22:37","EDT","CENTRL",61754,2038
"08/16/2003 15:22:37","EDT","DUNWOD",61760,8
"08/16/2003 15:22:37","EDT","GENESE",61753,1394
"08/16/2003 15:22:37","EDT","HUD VL",61758,1678
"08/16/2003 15:22:37","EDT","MHK VL",61756,884
"08/16/2003 15:22:37","EDT","MILLWD",61759,1441
"08/16/2003 15:22:37","EDT","N.Y.C._LONGIL",,11999
"08/16/2003 15:22:37","EDT","NORTH",61755,623
"08/16/2003 15:22:37","EDT","WEST",61752,1809
"08/16/2003 15:24:07","EDT","CAPITL",61757,1519
"08/16/2003 15:24:07","EDT","CENTRL",61754,2026
"08/16/2003 15:24:07","EDT","DUNWOD",61760,26
"08/16/2003 15:24:07","EDT","GENESE",61753,1394
"08/16/2003 15:24:07","EDT","HUD VL",61758,1655
"08/16/2003 15:24:07","EDT","MHK VL",61756,882
"08/16/2003 15:24:07","EDT","MILLWD",61759,1441
"08/16/2003 15:24:07","EDT","N.Y.C._LONGIL",,11969
"08/16/2003 15:24:07","EDT","NORTH",61755,629
"08/16/2003 15:24:07","EDT","WEST",61752,1816
"08/16/2003 15:28:07","EDT","CAPITL",61757,1515
"08/16/2003 15:28:07","EDT","CENTRL",61754,2032
"08/16/2003 15:28:07","EDT","DUNWOD",61760,31
"08/16/2003 15:28:07","EDT","GENESE",61753,1392
"08/16/2003 15:28:07","EDT","HUD VL",61758,1656
"08/16/2003 15:28:07","EDT","MHK VL",61756,880
"08/16/2003 15:28:07","EDT","MILLWD",61759,1439
"08/16/2003 15:28:07","EDT","N.Y.C._LONGIL",,11962
"08/16/2003 15:28:07","EDT","NORTH",61755,619
"08/16/2003 15:28:07","EDT","WEST",61752,1814
"08/16/2003 15:33:07","EDT","CAPITL",61757,1493
"08/16/2003 15:33:07","EDT","CENTRL",61754,2036
"08/16/2003 15:33:07","EDT","DUNWOD",61760,31
"08/16/2003 15:33:07","EDT","GENESE",61753,1393
"08/16/2003 15:33:07","EDT","HUD VL",61758,1675
"08/16/2003 15:33:07","EDT","MHK VL",61756,877
"08/16/2003 15:33:07","EDT","MILLWD",61759,1423
"08/16/2003 15:33:07","EDT","N.Y.C._LONGIL",,11961
"08/16/2003 15:33:07","EDT","NORTH",61755,624
"08/16/2003 15:33:07","EDT","WEST",61752,1823
"08/16/2003 15:34:38","EDT","CAPITL",61757,1509
"08/16/2003 15:34:38","EDT","CENTRL",61754,2025
"08/16/2003 15:34:38","EDT","DUNWOD",61760,37
"08/16/2003 15:34:38","EDT","GENESE",61753,1392
"08/16/2003 15:34:38","EDT","HUD VL",61758,1657
"08/16/2003 15:34:38","EDT","MHK VL",61756,874
"08/16/2003 15:34:38","EDT","MILLWD",61759,1430
"08/16/2003 15:34:38","EDT","N.Y.C._LONGIL",,11962
"08/16/2003 15:34:38","EDT","NORTH",61755,625
"08/16/2003 15:34:38","EDT","WEST",61752,1802
"08/16/2003 15:36:37","EDT","CAPITL",61757,1502
"08/16/2003 15:36:37","EDT","CENTRL",61754,2027
"08/16/2003 15:36:37","EDT","DUNWOD",61760,42
"08/16/2003 15:36:37","EDT","GENESE",61753,1394
"08/16/2003 15:36:37","EDT","HUD VL",61758,1671
"08/16/2003 15:36:37","EDT","MHK VL",61756,880
"08/16/2003 15:36:37","EDT","MILLWD",61759,1422
"08/16/2003 15:36:37","EDT","N.Y.C._LONGIL",,11950
"08/16/2003 15:36:37","EDT","NORTH",61755,619
"08/16/2003 15:36:37","EDT","WEST",61752,1814
"08/16/2003 15:38:07","EDT","CAPITL",61757,1488
"08/16/2003 15:38:07","EDT","CENTRL",61754,2038
"08/16/2003 15:38:07","EDT","DUNWOD",61760,47
"08/16/2003 15:38:07","EDT","GENESE",61753,1390
"08/16/2003 15:38:07","EDT","HUD VL",61758,1635
"08/16/2003 15:38:07","EDT","MHK VL",61756,866
"08/16/2003 15:38:07","EDT","MILLWD",61759,1433
"08/16/2003 15:38:07","EDT","N.Y.C._LONGIL",,11921
"08/16/2003 15:38:07","EDT","NORTH",61755,630
"08/16/2003 15:38:07","EDT","WEST",61752,1819
"08/16/2003 15:43:07","EDT","CAPITL",61757,1505
"08/16/2003 15:43:07","EDT","CENTRL",61754,2022
"08/16/2003 15:43:07","EDT","DUNWOD",61760,39
"08/16/2003 15:43:07","EDT","GENESE",61753,1398
"08/16/2003 15:43:07","EDT","HUD VL",61758,1652
"08/16/2003 15:43:07","EDT","MHK VL",61756,862
"08/16/2003 15:43:07","EDT","MILLWD",61759,1431
"08/16/2003 15:43:07","EDT","N.Y.C._LONGIL",,11943
"08/16/2003 15:43:07","EDT","NORTH",61755,625
"08/16/2003 15:43:07","EDT","WEST",61752,1812
"08/16/2003 15:44:37","EDT","CAPITL",61757,1492
"08/16/2003 15:44:37","EDT","CENTRL",61754,2023
"08/16/2003 15:44:37","EDT","DUNWOD",61760,36
"08/16/2003 15:44:37","EDT","GENESE",61753,1398
"08/16/2003 15:44:37","EDT","HUD VL",61758,1670
"08/16/2003 15:44:37","EDT","MHK VL",61756,883
"08/16/2003 15:44:37","EDT","MILLWD",61759,1409
"08/16/2003 15:44:37","EDT","N.Y.C._LONGIL",,11938
"08/16/2003 15:44:37","EDT","NORTH",61755,607
"08/16/2003 15:44:37","EDT","WEST",61752,1799
"08/16/2003 15:46:07","EDT","CAPITL",61757,1483
"08/16/2003 15:46:07","EDT","CENTRL",61754,2037
"08/16/2003 15:46:07","EDT","DUNWOD",61760,52
"08/16/2003 15:46:07","EDT","GENESE",61753,1394
"08/16/2003 15:46:07","EDT","HUD VL",61758,1634
"08/16/2003 15:46:07","EDT","MHK VL",61756,859
"08/16/2003 15:46:07","EDT","MILLWD",61759,1423
"08/16/2003 15:46:07","EDT","N.Y.C._LONGIL",,11916
"08/16/2003 15:46:07","EDT","NORTH",61755,631
"08/16/2003 15:46:07","EDT","WEST",61752,1805
"08/16/2003 15:51:07","EDT","CAPITL",61757,1503
"08/16/2003 15:51:07","EDT","CENTRL",61754,2015
"08/16/2003 15:51:07","EDT","DUNWOD",61760,56
"08/16/2003 15:51:07","EDT","GENESE",61753,1399
"08/16/2003 15:51:07","EDT","HUD VL",61758,1659
"08/16/2003 15:51:07","EDT","MHK VL",61756,874
"08/16/2003 15:51:07","EDT","MILLWD",61759,1408
"08/16/2003 15:51:07","EDT","N.Y.C._LONGIL",,11906
"08/16/2003 15:51:07","EDT","NORTH",61755,616
"08/16/2003 15:51:07","EDT","WEST",61752,1792
"08/16/2003 15:52:38","EDT","CAPITL",61757,1498
"08/16/2003 15:52:38","EDT","CENTRL",61754,2024
"08/16/2003 15:52:38","EDT","DUNWOD",61760,59
"08/16/2003 15:52:38","EDT","GENESE",61753,1393
"08/16/2003 15:52:38","EDT","HUD VL",61758,1650
"08/16/2003 15:52:38","EDT","MHK VL",61756,866
"08/16/2003 15:52:38","EDT","MILLWD",61759,1391
"08/16/2003 15:52:38","EDT","N.Y.C._LONGIL",,11850
"08/16/2003 15:52:38","EDT","NORTH",61755,616
"08/16/2003 15:52:38","EDT","WEST",61752,1802
"08/16/2003 15:55:08","EDT","CAPITL",61757,1492
"08/16/2003 15:55:08","EDT","CENTRL",61754,2032
"08/16/2003 15:55:08","EDT","DUNWOD",61760,65
"08/16/2003 15:55:08","EDT","GENESE",61753,1394
"08/16/2003 15:55:08","EDT","HUD VL",61758,1620
"08/16/2003 15:55:08","EDT","MHK VL",61756,864
"08/16/2003 15:55:08","EDT","MILLWD",61759,1389
"08/16/2003 15:55:08","EDT","N.Y.C._LONGIL",,11849
"08/16/2003 15:55:08","EDT","NORTH",61755,627
"08/16/2003 15:55:08","EDT","WEST",61752,1806
"08/16/2003 16:00:00","EDT","CAPITL",61757,1466
"08/16/2003 16:00:00","EDT","CENTRL",61754,2033
"08/16/2003 16:00:00","EDT","DUNWOD",61760,70
"08/16/2003 16:00:00","EDT","GENESE",61753,1398
"08/16/2003 16:00:00","EDT","HUD VL",61758,1652
"08/16/2003 16:00:00","EDT","MHK VL",61756,842
"08/16/2003 16:00:00","EDT","MILLWD",61759,1387
"08/16/2003 16:00:00","EDT","N.Y.C._LONGIL",,11839
"08/16/2003 16:00:00","EDT","NORTH",61755,644
"08/16/2003 16:00:00","EDT","WEST",61752,1808
"08/16/2003 16:00:38","EDT","CAPITL",61757,1485
"08/16/2003 16:00:38","EDT","CENTRL",61754,2026
"08/16/2003 16:00:38","EDT","DUNWOD",61760,54
"08/16/2003 16:00:38","EDT","GENESE",61753,1402
"08/16/2003 16:00:38","EDT","HUD VL",61758,1648
"08/16/2003 16:00:38","EDT","MHK VL",61756,869
"08/16/2003 16:00:38","EDT","MILLWD",61759,1390
"08/16/2003 16:00:38","EDT","N.Y.C._LONGIL",,11864
"08/16/2003 16:00:38","EDT","NORTH",61755,619
"08/16/2003 16:00:38","EDT","WEST",61752,1796
"08/16/2003 16:01:38","EDT","CAPITL",61757,1465
"08/16/2003 16:01:38","EDT","CENTRL",61754,2026
"08/16/2003 16:01:38","EDT","DUNWOD",61760,51
"08/16/2003 16:01:38","EDT","GENESE",61753,1393
"08/16/2003 16:01:38","EDT","HUD VL",61758,1635
"08/16/2003 16:01:38","EDT","MHK VL",61756,862
"08/16/2003 16:01:38","EDT","MILLWD",61759,1381
"08/16/2003 16:01:38","EDT","N.Y.C._LONGIL",,11860
"08/16/2003 16:01:38","EDT","NORTH",61755,624
"08/16/2003 16:01:38","EDT","WEST",61752,1820
"08/16/2003 16:06:08","EDT","CAPITL",61757,1467
"08/16/2003 16:06:08","EDT","CENTRL",61754,2033
"08/16/2003 16:06:08","EDT","DUNWOD",61760,68
"08/16/2003 16:06:08","EDT","GENESE",61753,1400
"08/16/2003 16:06:08","EDT","HUD VL",61758,1620
"08/16/2003 16:06:08","EDT","MHK VL",61756,852
"08/16/2003 16:06:08","EDT","MILLWD",61759,1372
"08/16/2003 16:06:08","EDT","N.Y.C._LONGIL",,11835
"08/16/2003 16:06:08","EDT","NORTH",61755,636
"08/16/2003 16:06:08","EDT","WEST",61752,1819
"08/16/2003 16:11:07","EDT","CAPITL",61757,1478
"08/16/2003 16:11:07","EDT","CENTRL",61754,2025
"08/16/2003 16:11:07","EDT","DUNWOD",61760,76
"08/16/2003 16:11:07","EDT","GENESE",61753,1403
"08/16/2003 16:11:07","EDT","HUD VL",61758,1639
"08/16/2003 16:11:07","EDT","MHK VL",61756,867
"08/16/2003 16:11:07","EDT","MILLWD",61759,1373
"08/16/2003 16:11:07","EDT","N.Y.C._LONGIL",,11829
"08/16/2003 16:11:07","EDT","NORTH",61755,621
"08/16/2003 16:11:07","EDT","WEST",61752,1807
"08/16/2003 16:12:38","EDT","CAPITL",61757,1460
"08/16/2003 16:12:38","EDT","CENTRL",61754,2030
"08/16/2003 16:12:38","EDT","DUNWOD",61760,84
"08/16/2003 16:12:38","EDT","GENESE",61753,1397
"08/16/2003 16:12:38","EDT","HUD VL",61758,1632
"08/16/2003 16:12:38","EDT","MHK VL",61756,865
"08/16/2003 16:12:38","EDT","MILLWD",61759,1379
"08/16/2003 16:12:38","EDT","N.Y.C._LONGIL",,11816
"08/16/2003 16:12:38","EDT","NORTH",61755,632
"08/16/2003 16:12:38","EDT","WEST",61752,1833
"08/16/2003 16:16:37","EDT","CAPITL",61757,1472
"08/16/2003 16:16:37","EDT","CENTRL",61754,2047
"08/16/2003 16:16:37","EDT","DUNWOD",61760,60
"08/16/2003 16:16:37","EDT","GENESE",61753,1401
"08/16/2003 16:16:37","EDT","HUD VL",61758,1635
"08/16/2003 16:16:37","EDT","MHK VL",61756,856
"08/16/2003 16:16:37","EDT","MILLWD",61759,1367
"08/16/2003 16:16:37","EDT","N.Y.C._LONGIL",,11845
"08/16/2003 16:16:37","EDT","NORTH",61755,624
"08/16/2003 16:16:37","EDT","WEST",61752,1806
"08/16/2003 16:21:37","EDT","CAPITL",61757,1456
"08/16/2003 16:21:37","EDT","CENTRL",61754,2042
"08/16/2003 16:21:37","EDT","DUNWOD",61760,75
"08/16/2003 16:21:37","EDT","GENESE",61753,1399
"08/16/2003 16:21:37","EDT","HUD VL",61758,1618
"08/16/2003 16:21:37","EDT","MHK VL",61756,860
"08/16/2003 16:21:37","EDT","MILLWD",61759,1372
"08/16/2003 16:21:37","EDT","N.Y.C._LONGIL",,11810
"08/16/2003 16:21:37","EDT","NORTH",61755,632
"08/16/2003 16:21:37","EDT","WEST",61752,1833
"08/16/2003 16:23:07","EDT","CAPITL",61757,1454
"08/16/2003 16:23:07","EDT","CENTRL",61754,2049
"08/16/2003 16:23:07","EDT","DUNWOD",61760,80
"08/16/2003 16:23:07","EDT","GENESE",61753,1395
"08/16/2003 16:23:07","EDT","HUD VL",61758,1636
"08/16/2003 16:23:07","EDT","MHK VL",61756,860
"08/16/2003 16:23:07","EDT","MILLWD",61759,1358
"08/16/2003 16:23:07","EDT","N.Y.C._LONGIL",,11824
"08/16/2003 16:23:07","EDT","NORTH",61755,623
"08/16/2003 16:23:07","EDT","WEST",61752,1825
"08/16/2003 16:28:08","EDT","CAPITL",61757,1455
"08/16/2003 16:28:08","EDT","CENTRL",61754,2041
"08/16/2003 16:28:08","EDT","DUNWOD",61760,79
"08/16/2003 16:28:08","EDT","GENESE",61753,1396
"08/16/2003 16:28:08","EDT","HUD VL",61758,1624
"08/16/2003 16:28:08","EDT","MHK VL",61756,858
"08/16/2003 16:28:08","EDT","MILLWD",61759,1358
"08/16/2003 16:28:08","EDT","N.Y.C._LONGIL",,11798
"08/16/2003 16:28:08","EDT","NORTH",61755,630
"08/16/2003 16:28:08","EDT","WEST",61752,1829
"08/16/2003 16:29:37","EDT","CAPITL",61757,1466
"08/16/2003 16:29:37","EDT","CENTRL",61754,2038
"08/16/2003 16:29:37","EDT","DUNWOD",61760,89
"08/16/2003 16:29:37","EDT","GENESE",61753,1405
"08/16/2003 16:29:37","EDT","HUD VL",61758,1633
"08/16/2003 16:29:37","EDT","MHK VL",61756,870
"08/16/2003 16:29:37","EDT","MILLWD",61759,1348
"08/16/2003 16:29:37","EDT","N.Y.C._LONGIL",,11771
"08/16/2003 16:29:37","EDT","NORTH",61755,623
"08/16/2003 16:29:37","EDT","WEST",61752,1817
"08/16/2003 16:31:08","EDT","CAPITL",61757,1457
"08/16/2003 16:31:08","EDT","CENTRL",61754,2043
"08/16/2003 16:31:08","EDT","DUNWOD",61760,85
"08/16/2003 16:31:08","EDT","GENESE",61753,1405
"08/16/2003 16:31:08","EDT","HUD VL",61758,1616
"08/16/2003 16:31:08","EDT","MHK VL",61756,866
"08/16/2003 16:31:08","EDT","MILLWD",61759,1356
"08/16/2003 16:31:08","EDT","N.Y.C._LONGIL",,11774
"08/16/2003 16:31:08","EDT","NORTH",61755,626
"08/16/2003 16:31:08","EDT","WEST",61752,1821
"08/16/2003 16:36:08","EDT","CAPITL",61757,1467
"08/16/2003 16:36:08","EDT","CENTRL",61754,2036
"08/16/2003 16:36:08","EDT","DUNWOD",61760,85
"08/16/2003 16:36:08","EDT","GENESE",61753,1408
"08/16/2003 16:36:08","EDT","HUD VL",61758,1613
"08/16/2003 16:36:08","EDT","MHK VL",61756,858
"08/16/2003 16:36:08","EDT","MILLWD",61759,1362
"08/16/2003 16:36:08","EDT","N.Y.C._LONGIL",,11779
"08/16/2003 16:36:08","EDT","NORTH",61755,630
"08/16/2003 16:36:08","EDT","WEST",61752,1819
"08/16/2003 16:37:37","EDT","CAPITL",61757,1445
"08/16/2003 16:37:37","EDT","CENTRL",61754,2040
"08/16/2003 16:37:37","EDT","DUNWOD",61760,101
"08/16/2003 16:37:37","EDT","GENESE",61753,1405
"08/16/2003 16:37:37","EDT","HUD VL",61758,1605
"08/16/2003 16:37:37","EDT","MHK VL",61756,847
"08/16/2003 16:37:37","EDT","MILLWD",61759,1344
"08/16/2003 16:37:37","EDT","N.Y.C._LONGIL",,11746
"08/16/2003 16:37:37","EDT","NORTH",61755,654
"08/16/2003 16:37:37","EDT","WEST",61752,1833
"08/16/2003 16:42:38","EDT","CAPITL",61757,1447
"08/16/2003 16:42:38","EDT","CENTRL",61754,2036
"08/16/2003 16:42:38","EDT","DUNWOD",61760,101
"08/16/2003 16:42:38","EDT","GENESE",61753,1410
"08/16/2003 16:42:38","EDT","HUD VL",61758,1592
"08/16/2003 16:42:38","EDT","MHK VL",61756,868
"08/16/2003 16:42:38","EDT","MILLWD",61759,1339
"08/16/2003 16:42:38","EDT","N.Y.C._LONGIL",,11703
"08/16/2003 16:42:38","EDT","NORTH",61755,631
"08/16/2003 16:42:38","EDT","WEST",61752,1819
"08/16/2003 16:47:37","EDT","CAPITL",61757,1458
"08/16/2003 16:47:37","EDT","CENTRL",61754,2033
"08/16/2003 16:47:37","EDT","DUNWOD",61760,99
"08/16/2003 16:47:37","EDT","GENESE",61753,1402
"08/16/2003 16:47:37","EDT","HUD VL",61758,1611
"08/16/2003 16:47:37","EDT","MHK VL",61756,863
"08/16/2003 16:47:37","EDT","MILLWD",61759,1333
"08/16/2003 16:47:37","EDT","N.Y.C._LONGIL",,11726
"08/16/2003 16:47:37","EDT","NORTH",61755,632
"08/16/2003 16:47:37","EDT","WEST",61752,1830
"08/16/2003 16:49:38","EDT","CAPITL",61757,1453
"08/16/2003 16:49:38","EDT","CENTRL",61754,2036
"08/16/2003 16:49:38","EDT","DUNWOD",61760,100
"08/16/2003 16:49:38","EDT","GENESE",61753,1407
"08/16/2003 16:49:38","EDT","HUD VL",61758,1613
"08/16/2003 16:49:38","EDT","MHK VL",61756,866
"08/16/2003 16:49:38","EDT","MILLWD",61759,1324
"08/16/2003 16:49:38","EDT","N.Y.C._LONGIL",,11700
"08/16/2003 16:49:38","EDT","NORTH",61755,632
"08/16/2003 16:49:38","EDT","WEST",61752,1832
"08/16/2003 16:54:38","EDT","CAPITL",61757,1455
"08/16/2003 16:54:38","EDT","CENTRL",61754,2027
"08/16/2003 16:54:38","EDT","DUNWOD",61760,107
"08/16/2003 16:54:38","EDT","GENESE",61753,1407
"08/16/2003 16:54:38","EDT","HUD VL",61758,1595
"08/16/2003 16:54:38","EDT","MHK VL",61756,868
"08/16/2003 16:54:38","EDT","MILLWD",61759,1324
"08/16/2003 16:54:38","EDT","N.Y.C._LONGIL",,11699
"08/16/2003 16:54:38","EDT","NORTH",61755,629
"08/16/2003 16:54:38","EDT","WEST",61752,1824
"08/16/2003 16:56:08","EDT","CAPITL",61757,1447
"08/16/2003 16:56:08","EDT","CENTRL",61754,2043
"08/16/2003 16:56:08","EDT","DUNWOD",61760,117
"08/16/2003 16:56:08","EDT","GENESE",61753,1402
"08/16/2003 16:56:08","EDT","HUD VL",61758,1588
"08/16/2003 16:56:08","EDT","MHK VL",61756,855
"08/16/2003 16:56:08","EDT","MILLWD",61759,1321
"08/16/2003 16:56:08","EDT","N.Y.C._LONGIL",,11663
"08/16/2003 16:56:08","EDT","NORTH",61755,642
"08/16/2003 16:56:08","EDT","WEST",61752,1830
"08/16/2003 17:00:00","EDT","CAPITL",61757,1451
"08/16/2003 17:00:00","EDT","CENTRL",61754,2030
"08/16/2003 17:00:00","EDT","DUNWOD",61760,122
"08/16/2003 17:00:00","EDT","GENESE",61753,1402
"08/16/2003 17:00:00","EDT","HUD VL",61758,1578
"08/16/2003 17:00:00","EDT","MHK VL",61756,870
"08/16/2003 17:00:00","EDT","MILLWD",61759,1325
"08/16/2003 17:00:00","EDT","N.Y.C._LONGIL",,11632
"08/16/2003 17:00:00","EDT","NORTH",61755,634
"08/16/2003 17:00:00","EDT","WEST",61752,1830
"08/16/2003 17:01:07","EDT","CAPITL",61757,1446
"08/16/2003 17:01:07","EDT","CENTRL",61754,2034
"08/16/2003 17:01:07","EDT","DUNWOD",61760,118
"08/16/2003 17:01:07","EDT","GENESE",61753,1396
"08/16/2003 17:01:07","EDT","HUD VL",61758,1589
"08/16/2003 17:01:07","EDT","MHK VL",61756,871
"08/16/2003 17:01:07","EDT","MILLWD",61759,1317
"08/16/2003 17:01:07","EDT","N.Y.C._LONGIL",,11617
"08/16/2003 17:01:07","EDT","NORTH",61755,627
"08/16/2003 17:01:07","EDT","WEST",61752,1836
"08/16/2003 17:06:07","EDT","CAPITL",61757,1457
"08/16/2003 17:06:07","EDT","CENTRL",61754,2016
"08/16/2003 17:06:07","EDT","DUNWOD",61760,113
"08/16/2003 17:06:07","EDT","GENESE",61753,1391
"08/16/2003 17:06:07","EDT","HUD VL",61758,1587
"08/16/2003 17:06:07","EDT","MHK VL",61756,870
"08/16/2003 17:06:07","EDT","MILLWD",61759,1312
"08/16/2003 17:06:07","EDT","N.Y.C._LONGIL",,11614
"08/16/2003 17:06:07","EDT","NORTH",61755,625
"08/16/2003 17:06:07","EDT","WEST",61752,1790
"08/16/2003 17:07:37","EDT","CAPITL",61757,1416
"08/16/2003 17:07:37","EDT","CENTRL",61754,2024
"08/16/2003 17:07:37","EDT","DUNWOD",61760,112
"08/16/2003 17:07:37","EDT","GENESE",61753,1389
"08/16/2003 17:07:37","EDT","HUD VL",61758,1580
"08/16/2003 17:07:37","EDT","MHK VL",61756,869
"08/16/2003 17:07:37","EDT","MILLWD",61759,1311
"08/16/2003 17:07:37","EDT","N.Y.C._LONGIL",,11610
"08/16/2003 17:07:37","EDT","NORTH",61755,632
"08/16/2003 17:07:37","EDT","WEST",61752,1844
"08/16/2003 17:12:37","EDT","CAPITL",61757,1432
"08/16/2003 17:12:37","EDT","CENTRL",61754,2024
"08/16/2003 17:12:37","EDT","DUNWOD",61760,136
"08/16/2003 17:12:37","EDT","GENESE",61753,1384
"08/16/2003 17:12:37","EDT","HUD VL",61758,1569
"08/16/2003 17:12:37","EDT","MHK VL",61756,863
"08/16/2003 17:12:37","EDT","MILLWD",61759,1302
"08/16/2003 17:12:37","EDT","N.Y.C._LONGIL",,11555
"08/16/2003 17:12:37","EDT","NORTH",61755,641
"08/16/2003 17:12:37","EDT","WEST",61752,1824
"08/16/2003 17:16:37","EDT","CAPITL",61757,1414
"08/16/2003 17:16:37","EDT","CENTRL",61754,2018
"08/16/2003 17:16:37","EDT","DUNWOD",61760,115
"08/16/2003 17:16:37","EDT","GENESE",61753,1389
"08/16/2003 17:16:37","EDT","HUD VL",61758,1566
"08/16/2003 17:16:37","EDT","MHK VL",61756,868
"08/16/2003 17:16:37","EDT","MILLWD",61759,1298
"08/16/2003 17:16:37","EDT","N.Y.C._LONGIL",,11564
"08/16/2003 17:16:37","EDT","NORTH",61755,632
"08/16/2003 17:16:37","EDT","WEST",61752,1830
"08/16/2003 17:21:37","EDT","CAPITL",61757,1425
"08/16/2003 17:21:37","EDT","CENTRL",61754,2022
"08/16/2003 17:21:37","EDT","DUNWOD",61760,115
"08/16/2003 17:21:37","EDT","GENESE",61753,1391
"08/16/2003 17:21:37","EDT","HUD VL",61758,1563
"08/16/2003 17:21:37","EDT","MHK VL",61756,850
"08/16/2003 17:21:37","EDT","MILLWD",61759,1300
"08/16/2003 17:21:37","EDT","N.Y.C._LONGIL",,11569
"08/16/2003 17:21:37","EDT","NORTH",61755,641
"08/16/2003 17:21:37","EDT","WEST",61752,1800
"08/16/2003 17:23:37","EDT","CAPITL",61757,1424
"08/16/2003 17:23:37","EDT","CENTRL",61754,2013
"08/16/2003 17:23:37","EDT","DUNWOD",61760,123
"08/16/2003 17:23:37","EDT","GENESE",61753,1387
"08/16/2003 17:23:37","EDT","HUD VL",61758,1558
"08/16/2003 17:23:37","EDT","MHK VL",61756,854
"08/16/2003 17:23:37","EDT","MILLWD",61759,1282
"08/16/2003 17:23:37","EDT","N.Y.C._LONGIL",,11541
"08/16/2003 17:23:37","EDT","NORTH",61755,645
"08/16/2003 17:23:37","EDT","WEST",61752,1839
"08/16/2003 17:27:37","EDT","CAPITL",61757,1416
"08/16/2003 17:27:37","EDT","CENTRL",61754,2020
"08/16/2003 17:27:37","EDT","DUNWOD",61760,126
"08/16/2003 17:27:37","EDT","GENESE",61753,1390
"08/16/2003 17:27:37","EDT","HUD VL",61758,1554
"08/16/2003 17:27:37","EDT","MHK VL",61756,864
"08/16/2003 17:27:37","EDT","MILLWD",61759,1294
"08/16/2003 17:27:37","EDT","N.Y.C._LONGIL",,11509
"08/16/2003 17:27:37","EDT","NORTH",61755,649
"08/16/2003 17:27:37","EDT","WEST",61752,1817
"08/16/2003 17:30:07","EDT","CAPITL",61757,1404
"08/16/2003 17:30:07","EDT","CENTRL",61754,2035
"08/16/2003 17:30:07","EDT","DUNWOD",61760,122
"08/16/2003 17:30:07","EDT","GENESE",61753,1381
"08/16/2003 17:30:07","EDT","HUD VL",61758,1553
"08/16/2003 17:30:07","EDT","MHK VL",61756,866
"08/16/2003 17:30:07","EDT","MILLWD",61759,1297
"08/16/2003 17:30:07","EDT","N.Y.C._LONGIL",,11532
"08/16/2003 17:30:07","EDT","NORTH",61755,634
"08/16/2003 17:30:07","EDT","WEST",61752,1807
"08/16/2003 17:35:07","EDT","CAPITL",61757,1397
"08/16/2003 17:35:07","EDT","CENTRL",61754,2015
"08/16/2003 17:35:07","EDT","DUNWOD",61760,127
"08/16/2003 17:35:07","EDT","GENESE",61753,1395
"08/16/2003 17:35:07","EDT","HUD VL",61758,1537
"08/16/2003 17:35:07","EDT","MHK VL",61756,866
"08/16/2003 17:35:07","EDT","MILLWD",61759,1294
"08/16/2003 17:35:07","EDT","N.Y.C._LONGIL",,11510
"08/16/2003 17:35:07","EDT","NORTH",61755,632
"08/16/2003 17:35:07","EDT","WEST",61752,1806
"08/16/2003 17:36:37","EDT","CAPITL",61757,1387
"08/16/2003 17:36:37","EDT","CENTRL",61754,2027
"08/16/2003 17:36:37","EDT","DUNWOD",61760,118
"08/16/2003 17:36:37","EDT","GENESE",61753,1386
"08/16/2003 17:36:37","EDT","HUD VL",61758,1559
"08/16/2003 17:36:37","EDT","MHK VL",61756,855
"08/16/2003 17:36:37","EDT","MILLWD",61759,1290
"08/16/2003 17:36:37","EDT","N.Y.C._LONGIL",,11494
"08/16/2003 17:36:37","EDT","NORTH",61755,633
"08/16/2003 17:36:37","EDT","WEST",61752,1815
"08/16/2003 17:41:37","EDT","CAPITL",61757,1382
"08/16/2003 17:41:37","EDT","CENTRL",61754,2025
"08/16/2003 17:41:37","EDT","DUNWOD",61760,122
"08/16/2003 17:41:37","EDT","GENESE",61753,1386
"08/16/2003 17:41:37","EDT","HUD VL",61758,1541
"08/16/2003 17:41:37","EDT","MHK VL",61756,865
"08/16/2003 17:41:37","EDT","MILLWD",61759,1302
"08/16/2003 17:41:37","EDT","N.Y.C._LONGIL",,11494
"08/16/2003 17:41:37","EDT","NORTH",61755,631
"08/16/2003 17:41:37","EDT","WEST",61752,1799
"08/16/2003 17:46:37","EDT","CAPITL",61757,1397
"08/16/2003 17:46:37","EDT","CENTRL",61754,2008
"08/16/2003 17:46:37","EDT","DUNWOD",61760,126
"08/16/2003 17:46:37","EDT","GENESE",61753,1387
"08/16/2003 17:46:37","EDT","HUD VL",61758,1537
"08/16/2003 17:46:37","EDT","MHK VL",61756,852
"08/16/2003 17:46:37","EDT","MILLWD",61759,1280
"08/16/2003 17:46:37","EDT","N.Y.C._LONGIL",,11445
"08/16/2003 17:46:37","EDT","NORTH",61755,638
"08/16/2003 17:46:37","EDT","WEST",61752,1788
"08/16/2003 17:51:38","EDT","CAPITL",61757,1383
"08/16/2003 17:51:38","EDT","CENTRL",61754,2014
"08/16/2003 17:51:38","EDT","DUNWOD",61760,123
"08/16/2003 17:51:38","EDT","GENESE",61753,1377
"08/16/2003 17:51:38","EDT","HUD VL",61758,1533
"08/16/2003 17:51:38","EDT","MHK VL",61756,855
"08/16/2003 17:51:38","EDT","MILLWD",61759,1280
"08/16/2003 17:51:38","EDT","N.Y.C._LONGIL",,11435
"08/16/2003 17:51:38","EDT","NORTH",61755,638
"08/16/2003 17:51:38","EDT","WEST",61752,1799
"08/16/2003 17:55:07","EDT","CAPITL",61757,1377
"08/16/2003 17:55:07","EDT","CENTRL",61754,2015
"08/16/2003 17:55:07","EDT","DUNWOD",61760,131
"08/16/2003 17:55:07","EDT","GENESE",61753,1373
"08/16/2003 17:55:07","EDT","HUD VL",61758,1528
"08/16/2003 17:55:07","EDT","MHK VL",61756,855
"08/16/2003 17:55:07","EDT","MILLWD",61759,1277
"08/16/2003 17:55:07","EDT","N.Y.C._LONGIL",,11411
"08/16/2003 17:55:07","EDT","NORTH",61755,638
"08/16/2003 17:55:07","EDT","WEST",61752,1806
"08/16/2003 18:00:00","EDT","CAPITL",61757,1380
"08/16/2003 18:00:00","EDT","CENTRL",61754,2016
"08/16/2003 18:00:00","EDT","DUNWOD",61760,132
"08/16/2003 18:00:00","EDT","GENESE",61753,1374
"08/16/2003 18:00:00","EDT","HUD VL",61758,1559
"08/16/2003 18:00:00","EDT","MHK VL",61756,852
"08/16/2003 18:00:00","EDT","MILLWD",61759,1258
"08/16/2003 18:00:00","EDT","N.Y.C._LONGIL",,11423
"08/16/2003 18:00:00","EDT","NORTH",61755,633
"08/16/2003 18:00:00","EDT","WEST",61752,1794
