Time Stamp,total_load
2023-01-01,4286329.3433
2023-01-02,4532788.2308
2023-01-03,4967196.6016999995
2023-01-04,4797925.683
2023-01-05,4795041.5016
2023-01-06,4934101.7343
2023-01-07,4739085.0625
2023-01-08,4728093.3952
2023-01-09,5059256.7686
2023-01-10,5365530.2296
2023-01-11,5350809.4306
2023-01-12,5104202.4832
2023-01-13,5027825.1385
2023-01-14,5201085.3714
2023-01-15,5129195.004
2023-01-16,5125274.2862
2023-01-17,5248419.8367
2023-01-18,4942144.3829
2023-01-19,5242873.1095
2023-01-20,4954980.7965
2023-01-21,4814683.4144
2023-01-22,4757174.0161
2023-01-23,5280751.5815
2023-01-24,5225648.1245
2023-01-25,5299498.7612
2023-01-26,5129837.8047
2023-01-27,5195539.6161
2023-01-28,4810238.9933
2023-01-29,4644391.9472
2023-01-30,5056606.7516
2023-01-31,5317939.8485
2023-02-01,5537274.5675
2023-02-02,5597607.7544
2023-02-03,6278008.0657
2023-02-04,5890290.0253
2023-02-05,5368339.9681
2023-02-06,5474654.9521
2023-02-07,5748614.5154
2023-02-08,4962373.6513
2023-02-09,5081575.6293
2023-02-10,4804212.6933
2023-02-11,4755087.3335
2023-02-12,4605727.0899
2023-02-13,4886834.7184
2023-02-14,4791712.2185
2023-02-15,4760116.9873
2023-02-16,4709182.8554
2023-02-17,4925212.4819
2023-02-18,4596798.0644
2023-02-19,4491395.459
2023-02-20,4534657.688
2023-02-21,4841128.0404
2023-02-22,5056893.3367
2023-02-23,5085093.8433
2023-02-24,5032026.1166
2023-02-25,5253646.7602
2023-02-26,4971422.3167
2023-02-27,5142505.0069
2023-02-28,5474978.7662
2023-03-01,5146025.1563
2023-03-02,4934815.95
2023-03-03,4821859.4972
2023-03-04,4645542.6842
2023-03-05,4475591.036
2023-03-06,4790250.1206
2023-03-07,4981341.9549
2023-03-08,4918292.8304
2023-03-09,4954888.6577
2023-03-10,4887557.9455
2023-03-11,4757974.5044
2023-03-12,4411883.0201
2023-03-13,4982985.8257
2023-03-14,5190739.1024
2023-03-15,5177334.6565
2023-03-16,4882429.1821
2023-03-17,4722642.6763
2023-03-18,4394750.6075
2023-03-19,4571381.6059
2023-03-20,4917731.6863
2023-03-21,4635501.4499
2023-03-22,4547151.4067
2023-03-23,5016473.5533
2023-03-24,4573962.9305
2023-03-25,4766534.3249
2023-03-26,4120112.4306
2023-03-27,4603671.7846
2023-03-28,4711494.7814
2023-03-29,4756217.964
2023-03-30,4918469.38
2023-03-31,4892660.1127
2023-04-01,4174430.7903
2023-04-02,4094282.3302
2023-04-03,4596415.4569
2023-04-04,4419905.2526
2023-04-05,4637946.9154
2023-04-06,4409255.0285
2023-04-07,4275772.4448
2023-04-08,4000286.0002
2023-04-09,3825097.3117
2023-04-10,4139196.2208
2023-04-11,4373128.9319
2023-04-12,4243551.6496
2023-04-13,4827545.09
2023-04-14,4771816.3599
2023-04-15,4374708.2149
2023-04-16,4101837.1536
2023-04-17,4774392.402
2023-04-18,4537936.833
2023-04-19,4611327.0227
2023-04-20,4298436.5
2023-04-21,4251227.6486
2023-04-22,3954923.3807
2023-04-23,3949258.7423
2023-04-24,4237433.5745
2023-04-25,4357230.3625
2023-04-26,4366889.8057
2023-04-27,4302058.4193
2023-04-28,4249878.2701
2023-04-29,4230172.7298
2023-04-30,4150508.9184
2023-05-01,4611267.9309
2023-05-02,4501306.1836
2023-05-03,4416690.5885
2023-05-04,4468747.2926
2023-05-05,4310200.5833
2023-05-06,3895125.2401
2023-05-07,3940323.8925
2023-05-08,4265447.7656
2023-05-09,4227804.8997
2023-05-10,4424552.4698
2023-05-11,4353193.1754
2023-05-12,4645862.2508
2023-05-13,4394880.9621
2023-05-14,3971983.3013999998
2023-05-15,4564279.3822
2023-05-16,4732366.2659
2023-05-17,4217653.2986
2023-05-18,4171029.2881
2023-05-19,4461512.4157
2023-05-20,4114323.1904
2023-05-21,3937978.0114
2023-05-22,4373149.3465
2023-05-23,4337648.9456
2023-05-24,4344191.5885
2023-05-25,4164657.8303
2023-05-26,4133710.5028
2023-05-27,3986395.8694
2023-05-28,3974973.6879
2023-05-29,4194827.8619
2023-05-30,4578539.0915
2023-05-31,4769318.8525
2023-06-01,5262321.4423
2023-06-02,5529127.7757
2023-06-03,4483662.376
2023-06-04,3884717.0642
2023-06-05,4349935.7956
2023-06-06,4476829.6995
2023-06-07,4379389.5335
2023-06-08,4486854.2258
2023-06-09,4423539.2159
2023-06-10,4150639.3997
2023-06-11,4488055.6211
2023-06-12,5011353.1559
2023-06-13,4929702.8231
2023-06-14,4908006.8784
2023-06-15,4788560.7192
2023-06-16,4798408.2373
2023-06-17,4334704.9225
2023-06-18,4384296.2292
2023-06-19,4928553.4001
2023-06-20,5070760.4933
2023-06-21,4877221.2608
2023-06-22,4842029.468
2023-06-23,5106262.1327
2023-06-24,4981901.1723
2023-06-25,5241212.6407
2023-06-26,5684398.0182
2023-06-27,5479360.2451
2023-06-28,5520330.3394
2023-06-29,5350844.8681
2023-06-30,5711632.5123
2023-07-01,5313262.973
2023-07-02,5411762.8104
2023-07-03,6200213.7297
2023-07-04,5655822.1771
2023-07-05,6707435.6601
2023-07-06,6941106.4906
2023-07-07,6522947.2383
2023-07-08,6065339.2556
2023-07-09,5940931.6008
2023-07-10,6104406.2544
2023-07-11,6392865.5105
2023-07-12,6387156.8619
2023-07-13,6679551.7874
2023-07-14,6354811.7739
2023-07-15,6139926.482
2023-07-16,5967583.6891
2023-07-17,6724692.5996
2023-07-18,6388069.6305
2023-07-19,6015741.1521
2023-07-20,6195638.2532
2023-07-21,6098461.8192
2023-07-22,5395848.8397
2023-07-23,5464850.824
2023-07-24,6267465.2766
2023-07-25,6133109.706
2023-07-26,6346146.1114
2023-07-27,7174025.229
2023-07-28,6975943.3699
2023-07-29,6659398.7146
2023-07-30,4976130.8496
2023-07-31,5362609.2494
2023-08-01,5224636.5471
2023-08-02,5233069.9348
2023-08-03,5641520.491
2023-08-04,5513555.4892
2023-08-05,5366763.6088
2023-08-06,5254603.0433
2023-08-07,6213287.4218
2023-08-08,5797571.6492
2023-08-09,5718963.6329
2023-08-10,5617466.9077
2023-08-11,5568623.3494
2023-08-12,5339806.3732
2023-08-13,5611510.0521
2023-08-14,5853448.3679
2023-08-15,5932898.3318
2023-08-16,5887233.9162
2023-08-17,5880484.84
2023-08-18,5615924.1155
2023-08-19,4782495.2832
2023-08-20,5057407.2545
2023-08-21,6218226.3192
2023-08-22,5421216.6248
2023-08-23,5071140.306
2023-08-24,5170432.5071
2023-08-25,5547042.9743
2023-08-26,5443637.6107
2023-08-27,5284920.266
2023-08-28,5370763.1711
2023-08-29,5568683.3008
2023-08-30,5790707.8362
2023-08-31,4970796.1597
2023-09-01,4768964.2988
2023-09-02,4609753.4714
2023-09-03,5297866.1282
2023-09-04,6038195.195
2023-09-05,6908161.57
2023-09-06,7370531.8626
2023-09-07,7164784.0033
2023-09-08,6608428.2561
2023-09-09,5986672.0078
2023-09-10,5412690.8447
2023-09-11,5841588.0853
2023-09-12,6008822.6634
2023-09-13,5735140.9416
2023-09-14,5062501.5813
2023-09-15,4491736.4132
2023-09-16,4194994.48
2023-09-17,4330375.1492
2023-09-18,5142524.625
2023-09-19,4649370.9562
2023-09-20,4505957.8061
2023-09-21,4456050.9929
2023-09-22,4512814.8292
2023-09-23,4221394.0277
2023-09-24,4202407.4141
2023-09-25,4460829.4451
2023-09-26,4387143.1297
2023-09-27,4276534.19
2023-09-28,4358920.4472
2023-09-29,4518974.9699
2023-09-30,4121473.0883
2023-10-01,4106947.5468
2023-10-02,4747176.2565
2023-10-03,4961836.8308
2023-10-04,5269286.313
2023-10-05,5073404.6237
2023-10-06,4909583.4317
2023-10-07,4382044.6739
2023-10-08,3986380.6876
2023-10-09,4154701.5028
2023-10-10,4378020.2588
2023-10-11,4482057.0292
2023-10-12,4416897.7543
2023-10-13,4273250.2459
2023-10-14,4173862.9717
2023-10-15,4041828.0829
2023-10-16,4384494.4325
2023-10-17,4604635.3685
2023-10-18,4508830.2098
2023-10-19,4450471.4722
2023-10-20,4631586.829
2023-10-21,4232290.541
2023-10-22,4151977.4825
2023-10-23,4396705.863
2023-10-24,4504990.6572
2023-10-25,4587911.6811
2023-10-26,4538092.5944
2023-10-27,4466078.3951
2023-10-28,4364598.3942
2023-10-29,4229340.381
2023-10-30,4706081.092
2023-10-31,4553963.895
2023-11-01,4700545.6561
2023-11-02,4753457.7587
2023-11-03,4781625.6115
2023-11-04,4272813.1565
2023-11-05,4281294.7151
2023-11-06,4633232.2039
2023-11-07,4649327.9091
2023-11-08,4602791.9345
2023-11-09,4805619.8742
2023-11-10,4756650.3039
2023-11-11,4362084.6429
2023-11-12,4588377.3004
2023-11-13,5042691.8068
2023-11-14,4961589.165
2023-11-15,4998376.5759
2023-11-16,4218573.1006000005
2023-11-17,4654208.5529
2023-11-18,4296471.8332
2023-11-19,4357053.8214
2023-11-20,4953933.6881
2023-11-21,5100167.0645
2023-11-22,4883063.3866
2023-11-23,4287314.5065
2023-11-24,4521025.5523
2023-11-25,4658472.8156
2023-11-26,4583190.697
2023-11-27,5086568.4617
2023-11-28,5546531.5092
2023-11-29,5338575.6177
2023-11-30,5159389.1396
2023-12-01,5045517.2297
2023-12-02,4539593.4348
2023-12-03,4642353.4738
2023-12-04,4879828.3556
2023-12-05,5049732.7611
2023-12-06,5220054.8026
2023-12-07,5330255.7951
2023-12-08,5117266.4387
2023-12-09,4554502.4691
2023-12-10,4543912.4379
2023-12-11,5095885.2681
2023-12-12,5001523.7388
2023-12-13,5083355.8512
2023-12-14,5205136.9969
2023-12-15,5317140.7403
2023-12-16,4520921.9382
2023-12-17,4643390.5385
2023-12-18,4882590.605
2023-12-19,5214006.5665
2023-12-20,5222231.7675
2023-12-21,5232641.155
2023-12-22,5233953.1848
2023-12-23,5039045.0004
2023-12-24,4618950.4931
2023-12-25,4328712.0489
2023-12-26,4693390.4929
2023-12-27,4728308.2156
2023-12-28,4678454.7963
2023-12-29,4608876.9827
2023-12-30,4588175.3596
2023-12-31,4680201.8296
